identifier,canonical_smiles,prediction,prob_class_0,prob_class_1,gnn_pretrain_prob_raw,gnn_pretrain_prob_cal,gnn_pretrain_pred_cal
CNP0015414.1,CC(C)CS(=O)(=O)N[C@H](C)C1=C(C(=O)O)C(C2=CC=C(Cl)C=C2)=NO1,0,0.511398603030956,0.488601396969044,0.9999998807907104,0.9996972848838285,1
CNP0516641.0,O=C(C1=NC(O)=C(C=C2C=NC3=CC(O)=CC=C23)N1)C1=CNC2=CC=C(Br)C=C12,0,0.6716468253968253,0.3283531746031745,0.9999997615814209,0.9996168401630579,1
CNP0400611.2,CCOC(=O)[C@@H](CC1=CNC2=CC=CC=C12)NS(=O)(=O)C1=CC=C(OC)C(N2C=NN=N2)=C1,1,0.429788961038961,0.570211038961039,0.9999995231628418,0.9994894064776975,1
CNP0400611.1,CCOC(=O)[C@H](CC1=CNC2=CC=CC=C12)NS(=O)(=O)C1=CC=C(OC)C(N2C=NN=N2)=C1,1,0.429788961038961,0.570211038961039,0.9999995231628418,0.9994894064776975,1
CNP0017342.1,COC[C@H]1CCCN1C(=O)C1=C([C@H](C)O)ON=C1C1=CC=C(OC)C(OC)=C1,0,0.524249046789361,0.4757509532106388,0.9999991655349731,0.9993019115490883,1
CNP0269774.1,N[C@@H](CSCS(=O)(=O)C[C@@H](O)C(=O)O)C(=O)O,0,0.5916505574803447,0.4083494425196552,0.9999990463256836,0.9992710079289813,1
CNP0121132.3,CCCC[C@H](C)C[C@@H](C)C(=O)N1CCC[C@H]1C(=O)O[C@@H](C(=O)O[C@H](C(=O)O)[C@@H](C)CC)[C@@H](C)CC,0,0.69948673711909,0.3005132628809099,0.9999984502792358,0.9990674272870906,1
CNP0121132.2,CCCCC(C)CC(C)C(=O)N1CCC[C@H]1C(=O)O[C@@H](C(=O)O[C@H](C(=O)O)[C@@H](C)CC)[C@@H](C)CC,0,0.69948673711909,0.3005132628809099,0.9999984502792358,0.9990674272870906,1
CNP0121132.1,CCCC[C@H](C)C[C@H](C)C(=O)N1CCC[C@H]1C(=O)O[C@@H](C(=O)O[C@H](C(=O)O)[C@@H](C)CC)[C@@H](C)CC,0,0.69948673711909,0.3005132628809099,0.9999984502792358,0.9990674272870906,1
CNP0192527.1,COC[C@H]1CCCN1C(=O)C1=C([C@H](C)O)ON=C1C1=CC=C(Cl)C=C1,0,0.5042746289658053,0.4957253710341945,0.9999983310699463,0.999023457376662,1
CNP0014833.1,CC(C)S(=O)(=O)N[C@H](C)C1=C(C(=O)O)C(C2=CC=C(Cl)C=C2)=NO1,0,0.5220652696976226,0.4779347303023773,0.999996542930603,0.9985823154697363,1
CNP0308098.4,CC[C@H](C[C@@H]1CC[C@H]([C@H](C)C(=O)O)O1)OC(=O)[C@H](C)[C@@H]1CC[C@H](CC(C)=O)O1,0,0.5797318853445261,0.4202681146554738,0.9999961853027344,0.9985006583581452,1
CNP0308098.3,CC[C@H](C[C@@H]1CC[C@H]([C@H](C)C(=O)O)O1)OC(=O)[C@H](C)[C@H]1CC[C@@H](CC(C)=O)O1,0,0.5797318853445261,0.4202681146554738,0.9999961853027344,0.9985006583581452,1
CNP0308098.2,CC[C@H](C[C@@H]1CC[C@H]([C@H](C)C(=O)O)O1)OC(=O)[C@H](C)[C@@H]1CC[C@@H](CC(C)=O)O1,0,0.5797318853445261,0.4202681146554738,0.9999961853027344,0.9985006583581452,1
CNP0308098.1,CC[C@H](C[C@@H]1CC[C@H]([C@H](C)C(=O)O)O1)OC(=O)[C@H](C)[C@H]1CC[C@H](CC(C)=O)O1,0,0.5797318853445261,0.4202681146554738,0.9999961853027344,0.9985006583581452,1
CNP0158288.1,CC[C@@H](C)C[C@@H](C)C[C@@H](C)C(=O)O,0,0.7100836103751622,0.2899163896248377,0.9999927282333374,0.997911824581765,1
CNP0346968.2,CC[C@H](C)C[C@H](C)C[C@H](C)C[C@@H](C)C(=O)O,0,0.7060836103751623,0.2939163896248376,0.9999927282333374,0.9979006125777155,1
CNP0346968.1,CC[C@H](C)C[C@H](C)C[C@H](C)C[C@H](C)C(=O)O,0,0.7060836103751623,0.2939163896248376,0.9999927282333374,0.9979006125777155,1
CNP0071385.1,COC1=CC=CC=C1N1CCN(C(=O)C2=C([C@H](C)O)ON=C2C2=CC=C(Cl)C=C2)CC1,0,0.5475436276567991,0.4524563723432008,0.9999920129776001,0.9978065376457228,1
CNP0254532.1,CC(C)(O)[C@@H]1CO[C@@](C)([C@H]2[C@@H](O)C[C@@]3(C)[C@@H]4C[C@H](O)[C@H]5C(C)(C)[C@@H](O)CC[C@@]56C[C@@]46CC[C@]23C)C1,0,0.5665557414807414,0.4334442585192585,0.9999909400939941,0.9976502828870024,1
CNP0089471.1,CCOC(=O)C1=C/C(=C\CN2C=CN=C2CC(C)C)C2=C(C=C3O[C@H](C(C)(C)O)CC3=C2OC)O1,0,0.522042241092241,0.477957758907759,0.9999909400939941,0.9976448526283105,1
CNP0344540.0,CCCC(CC(C)CCCC(C)C)N=O,0,0.6676196875020405,0.3323803124979595,0.9999903440475464,0.9975656179429068,1
CNP0508384.0,O=C(C1=NC(=CC2=CNC3=CC(O)=CC=C23)C(O)=N1)C1=CNC2=CC=C(Br)C=C12,0,0.5848119658119657,0.4151880341880341,0.9999865293502808,0.9971140392047877,1
CNP0505565.2,CC[C@H](C)[C@H](NC(=O)OCC1=CC=CC=C1)C(=O)N[C@H](CC1=CC=CC=C1)C(=O)OC,1,0.4614880952380952,0.5385119047619048,0.9999853372573853,0.9969843947088518,1
CNP0505565.1,CC[C@H](C)[C@H](NC(=O)OCC1=CC=CC=C1)C(=O)N[C@@H](CC1=CC=CC=C1)C(=O)OC,1,0.4614880952380952,0.5385119047619048,0.9999853372573853,0.9969843947088518,1
CNP0505565.4,CC[C@H](C)[C@@H](NC(=O)OCC1=CC=CC=C1)C(=O)N[C@H](CC1=CC=CC=C1)C(=O)OC,1,0.4614880952380952,0.5385119047619048,0.9999853372573853,0.9969843947088518,1
CNP0505565.3,CC[C@H](C)[C@@H](NC(=O)OCC1=CC=CC=C1)C(=O)N[C@@H](CC1=CC=CC=C1)C(=O)OC,1,0.4614880952380952,0.5385119047619048,0.9999853372573853,0.9969843947088518,1
CNP0140968.1,C[C@@H](NS(=O)(=O)C1=CC=CC=C1)C1=C(C(=O)O)C(C2=CC=C(Cl)C=C2)=NO1,0,0.658897741147741,0.3411022588522587,0.9999843835830688,0.9968880403772412,1
CNP0171574.0,COC1=C2CN(C)CCC2=C(S(=O)(=O)NCCC2=CNC3=CC=C(Cl)C=C23)C2=C1OCO2,0,0.6149214968038499,0.3850785031961502,0.9999843835830688,0.9968818908505409,1
CNP0593662.0,O=C(C1=NC(O)=C(C=C2C=NC3=CC=CC=C23)N1)C1=CNC2=CC=C(Br)C=C12,0,0.7082577561327561,0.2917422438672438,0.9999843835830688,0.996879910458426,1
CNP0583797.0,O=C(O)C1=CC=CC(NS(=O)(=O)C2=CC=C(Cl)C(C(=O)NC3=CC=CC=C3C(=O)O)=C2)=C1,0,0.7148197358197358,0.2851802641802642,0.9999833106994629,0.9967740643286702,1
CNP0288018.1,COC1=CC=C(C2=NOC([C@H](C)O)=C2C(=O)N2CCN(C3=CC=CC=C3OC)CC2)C=C1OC,0,0.6087732120820355,0.3912267879179643,0.9999830722808838,0.996748281396098,1
CNP0540624.0,CCC(C)CCC(N)C(O)C(=O)NC(CC(C)C)C(=O)N1CCCC1C(=O)N1CCCC1C(=O)O,0,0.542975193107546,0.4570248068924539,0.9999828338623047,0.9967222191949712,1
CNP0594921.1,O=C(O)C1=CC=C(NC(=O)[C@H](CC2=CC=C(O)C=C2)NC(=O)C2=CC=CC=C2)C=C1,0,0.5747783882783881,0.4252216117216117,0.9999819993972778,0.996642006774578,1
CNP0543612.1,C/C1=C/C(=O)O[C@@H](C[C@@H](O)[C@@H]2CSC(O)=N2)C[C@H](O)CC[C@H](C)/C=C\C=C\CC1,1,0.4979450218424224,0.5020549781575775,0.9999817609786987,0.9966191942168008,1
CNP0014829.1,CC1=NOC([C@@H](C)NS(=O)(=O)CC(C)C)=C1C(=O)O,0,0.5233549522373052,0.4766450477626948,0.9999817609786987,0.9966166851659338,1
CNP0187333.1,CCC[C@H](C)C[C@H](C)C[C@@H](C)C(=O)O,0,0.7088006017171539,0.2911993982828463,0.9999809265136719,0.9965453768769187,1
CNP0208730.2,CCC[C@H](C)C[C@H](C)C[C@H](C)C[C@H](C)C(=O)O,0,0.7048006017171536,0.2951993982828463,0.9999808073043823,0.9965298281939104,1
CNP0208730.3,CCC[C@@H](C)C[C@@H](C)C[C@@H](C)C[C@@H](C)C(=O)O,0,0.7048006017171536,0.2951993982828463,0.9999808073043823,0.9965298281939104,1
CNP0208730.1,CCC[C@H](C)C[C@H](C)C[C@H](C)C[C@@H](C)C(=O)O,0,0.7048006017171536,0.2951993982828463,0.9999808073043823,0.9965298281939104,1
CNP0541683.0,COC1=CC(NS(C)(=O)=O)=CC=C1N=C1C2=CC=C(C(=O)O)C=C2NC2=C1NC1=CC=CC=C12,0,0.5898694083694084,0.4101305916305916,0.9999803304672241,0.9964886696518842,1
CNP0352003.1,CCOC(=O)[C@H](C)[C@H]1CC[C@@H](C[C@H](CC)OC(=O)[C@@H](C)[C@@H]2CC[C@H](C[C@H](O)CC)O2)O1,0,0.5597911039037448,0.4402088960962553,0.99997878074646,0.9963419685217257,1
CNP0348395.13,CC[C@H](O)C[C@@H]1CC[C@H]([C@H](C)C(=O)O[C@H](CC)C[C@@H]2CC[C@@H]([C@H](C)C(=O)O)O2)O1,0,0.566216012328653,0.4337839876713469,0.9999775886535645,0.9962439744757218,1
CNP0348395.12,CC[C@H](O)C[C@@H]1CC[C@H]([C@H](C)C(=O)O[C@H](CC)C[C@@H]2CC[C@@H]([C@@H](C)C(=O)O)O2)O1,0,0.566216012328653,0.4337839876713469,0.9999775886535645,0.9962439744757218,1
CNP0348395.10,CC[C@H](O)C[C@@H]1CC[C@H]([C@H](C)C(=O)O[C@H](CC)C[C@@H]2CC[C@H]([C@H](C)C(=O)O)O2)O1,0,0.566216012328653,0.4337839876713469,0.9999775886535645,0.9962439744757218,1
CNP0348395.9,CC[C@H](O)C[C@@H]1CC[C@H]([C@@H](C)C(=O)O[C@@H](CC)C[C@@H]2CC[C@H]([C@@H](C)C(=O)O)O2)O1,0,0.566216012328653,0.4337839876713469,0.9999775886535645,0.9962439744757218,1
CNP0348395.11,CC[C@H](O)C[C@@H]1CC[C@H]([C@H](C)C(=O)O[C@H](CC)C[C@@H]2CC[C@H]([C@@H](C)C(=O)O)O2)O1,0,0.566216012328653,0.4337839876713469,0.9999775886535645,0.9962439744757218,1
CNP0348395.7,CC[C@@H](O)C[C@H]1CC[C@@H]([C@@H](C)C(=O)O[C@@H](CC)C[C@@H]2CC[C@@H]([C@@H](C)C(=O)O)O2)O1,0,0.566216012328653,0.4337839876713469,0.9999775886535645,0.9962439744757218,1
CNP0348395.2,CC[C@H](O)C[C@H]1CC[C@@H]([C@@H](C)C(=O)O[C@@H](CC)C[C@@H]2CC[C@@H]([C@@H](C)C(=O)O)O2)O1,0,0.566216012328653,0.4337839876713469,0.9999775886535645,0.9962439744757218,1
CNP0348395.5,CC[C@H](O)C[C@H]1CC[C@H]([C@@H](C)C(=O)O[C@@H](CC)C[C@@H]2CC[C@H]([C@@H](C)C(=O)O)O2)O1,0,0.566216012328653,0.4337839876713469,0.9999775886535645,0.9962439744757218,1
CNP0348395.4,CC[C@@H](O)C[C@H]1CC[C@H]([C@@H](C)C(=O)O[C@@H](CC)C[C@@H]2CC[C@H]([C@@H](C)C(=O)O)O2)O1,0,0.566216012328653,0.4337839876713469,0.9999775886535645,0.9962439744757218,1
CNP0348395.1,CC[C@@H](O)C[C@H]1CC[C@@H]([C@H](C)C(=O)O[C@@H](CC)C[C@@H]2CC[C@H]([C@@H](C)C(=O)O)O2)O1,0,0.566216012328653,0.4337839876713469,0.9999775886535645,0.9962439744757218,1
CNP0348395.3,CC[C@H](O)C[C@@H]1CC[C@@H]([C@@H](C)C(=O)O[C@@H](CC)C[C@@H]2CC[C@@H]([C@@H](C)C(=O)O)O2)O1,0,0.566216012328653,0.4337839876713469,0.9999775886535645,0.9962439744757218,1
CNP0348395.6,CC[C@@H](O)C[C@@H]1CC[C@H]([C@@H](C)C(=O)O[C@@H](CC)C[C@@H]2CC[C@H]([C@@H](C)C(=O)O)O2)O1,0,0.566216012328653,0.4337839876713469,0.9999775886535645,0.9962439744757218,1
CNP0348395.8,CC[C@@H](O)C[C@@H]1CC[C@@H]([C@@H](C)C(=O)O[C@@H](CC)C[C@@H]2CC[C@@H]([C@@H](C)C(=O)O)O2)O1,0,0.566216012328653,0.4337839876713469,0.9999775886535645,0.9962439744757218,1
CNP0358244.1,C[C@@H](NS(C)(=O)=O)C1=C(C(=O)O)C(C2=CC=C(Cl)C=C2)=NO1,0,0.5952038533362063,0.4047961466637937,0.9999771118164062,0.9961948480651395,1
CNP0530292.1,CCC(CC)COC(=O)[C@@H]1C[C@H]2C[C@@H](OC3=CC=CC(Cl)=C3C3=NN=NN3)CC[C@H]2CN1,0,0.5251049677888153,0.4748950322111847,0.9999771118164062,0.9961945612183386,1
CNP0111029.1,COC1=CC2=C(C=C1OC)CN(C(=O)C1=C([C@H](C)O)ON=C1C1=CC=C(Cl)C=C1)CC2,0,0.600785803781328,0.3992141962186719,0.9999756813049316,0.9960714887862292,1
CNP0144244.1,CC[C@@H](C)C1=N[C@@](C(=O)N/C=C\C2=CNC3=CC=C(Br)C=C23)(C(C)C)NC1=O,0,0.6089166666666667,0.3910833333333333,0.9999750852584839,0.9960228470458503,1
CNP0060524.3,COC(=O)CC[C@H](C)[C@H]1CC[C@@H]2[C@H]3C(=O)C[C@@H]4CCCC[C@]4(C)[C@@H]3CC(=O)[C@@]21C,0,0.6067038239538239,0.393296176046176,0.9999749660491943,0.9960169323306479,1
CNP0060524.1,COC(=O)CC[C@H](C)[C@H]1CC[C@H]2[C@H]3C(=O)C[C@@H]4CCCC[C@]4(C)[C@H]3CC(=O)[C@]12C,0,0.6067038239538239,0.393296176046176,0.9999749660491943,0.9960169323306479,1
CNP0060524.2,COC(=O)CC[C@H](C)[C@H]1CC[C@H]2[C@H]3C(=O)C[C@@H]4CCCC[C@]4(C)[C@@H]3CC(=O)[C@]12C,0,0.6067038239538239,0.393296176046176,0.9999749660491943,0.9960169323306479,1
CNP0060524.4,COC(=O)CC[C@H](C)[C@H]1CC[C@@H]2[C@H]3C(=O)C[C@@H]4CCCC[C@]4(C)[C@H]3CC(=O)[C@@]21C,0,0.6067038239538239,0.393296176046176,0.9999749660491943,0.9960169323306479,1
CNP0561107.1,COC[C@H]1C[C@@H](NS(=O)(=O)CC(C)C)[C@H](O)[C@@H]1O,0,0.5184774903272346,0.4815225096727654,0.9999744892120361,0.9959804667920744,1
CNP0258416.1,CS(=N)(=O)CC[C@H](NC(=O)CC[C@H](N)C(=O)O)C(=O)O,0,0.6207525040319158,0.3792474959680841,0.999974250793457,0.9959584986859314,1
CNP0074707.1,C[C@@H](O)[C@H]1C(=O)N2C(C(=O)O)=C(S[C@@H]3CN[C@H](CNS(N)(=O)=O)C3)[C@H](C)[C@H]12,0,0.5752229767277639,0.424777023272236,0.9999706745147705,0.9956719446104982,1
CNP0074707.2,C[C@H](O)[C@@H]1C(=O)N2C(C(=O)O)=C(S[C@@H]3CN[C@H](CNS(N)(=O)=O)C3)[C@@H](C)[C@@H]12,0,0.5752229767277639,0.424777023272236,0.9999706745147705,0.9956719446104982,1
CNP0268660.1,CC1=C2N=C(O1)[C@H](C)/N=C(\O)C1=CSC(=N1)[C@@H](C(C)C)/N=C(\O)C1=CSC(=N1)C/N=C/2O,1,0.4695927775123427,0.5304072224876574,0.9999681711196899,0.9954895637540401,1
CNP0472378.0,ClC1=NSSC1=NC1=NCCS1,0,0.6846253162419196,0.3153746837580802,0.9999672174453735,0.995419442799118,1
CNP0416647.1,CC[C@@H](C)[C@H](NC(C)=O)C(=O)N(C)[C@H](CC1=CC=C(O)C=C1)C(=O)N[C@@H](CC(C)C)C(=O)OC,0,0.5701995798319327,0.4298004201680673,0.9999653100967407,0.9952852473062542,1
CNP0603946.1,CC1=CC=C(N2N=CC=N2)C(C(=O)N2CCN(C3=NC4=CC(Cl)=CC=C4O3)CC[C@H]2C)=C1,1,0.4289175961293607,0.5710824038706391,0.9999603033065796,0.9949418976223579,1
CNP0093404.1,CCOC(=O)C1=C/C(=C\C(C)C)C2=C(C=C3O[C@H](C(C)(C)O)CC3=C2OC)O1,0,0.6401466089466089,0.3598533910533911,0.9999583959579468,0.9948194081883034,1
CNP0386258.1,NC1=NC2=C(N=C(SCC3=CC=C(Cl)C(Cl)=C3)N2[C@@H]2O[C@H](CO)[C@@H](O)[C@H]2O)C(=O)N1,0,0.6496548309846182,0.3503451690153817,0.9999583959579468,0.9948191334669043,1
CNP0376604.0,CCC(C(=O)O)C(C)O,0,0.7305977927301457,0.2694022072698543,0.9999552965164185,0.9946194004198784,1
CNP0224762.1,COC[C@H]1CCCN1C(=O)C1=C([C@H](C)O)C(C2=CC=C(Cl)C=C2)=NO1,0,0.5927774300862536,0.4072225699137463,0.9999533891677856,0.9945020424353737,1
CNP0304472.0,O=C(NN1CCCCCC1)NS(=O)(=O)C1=CC=C(C(=O)O)C=C1,0,0.599891428016428,0.4001085719835721,0.9999521970748901,0.9944269805395642,1
CNP0076241.0,CCCCC(C)CCC(=O)OC,0,0.6616939726939727,0.3383060273060272,0.9999480247497559,0.9941792639412121,1
CNP0483359.0,O=C(C1=NC(O)=C(C=C2C=NC3=CC(O)=CC=C23)N1)C1=CNC2=CC=CC=C12,0,0.7021666666666667,0.2978333333333333,0.9999450445175171,0.9940132735663743,1
CNP0249400.1,COC(=O)CC[C@H](C)CCCC(C)C,0,0.7115168997668998,0.2884831002331002,0.9999449253082275,0.9940068624828448,1
CNP0177367.1,CCCC[C@@H](C)CCC(=O)OCC,0,0.6454962524575528,0.3545037475424473,0.9999444484710693,0.9939806785355584,1
CNP0208889.1,CC[C@@H](C)C1=N[C@](C(=O)N/C=C\C2=CNC3=CC(Br)=CC=C23)(C(C)C)NC1=O,0,0.5842738095238096,0.4157261904761903,0.9999433755874634,0.9939163604634261,1
CNP0280737.9,CC[C@@H](O)C[C@@H]1CC[C@H]([C@@H](C)C(=O)O[C@@H](C)C[C@@H]2CC[C@H]([C@@H](C)C(=O)O)O2)O1,0,0.5859178839864072,0.4140821160135929,0.9999418258666992,0.9938308660232688,1
CNP0280737.3,CC[C@H](O)C[C@H]1CC[C@H]([C@H](C)C(=O)O[C@H](C)C[C@H]2CC[C@H]([C@H](C)C(=O)O)O2)O1,0,0.5859178839864072,0.4140821160135929,0.9999418258666992,0.9938308660232688,1
CNP0280737.6,CC[C@@H](O)C[C@H]1CC[C@@H]([C@@H](C)C(=O)O[C@@H](C)C[C@@H]2CC[C@@H]([C@@H](C)C(=O)O)O2)O1,0,0.5859178839864072,0.4140821160135929,0.9999418258666992,0.9938308660232688,1
CNP0280737.1,CC[C@@H](O)C[C@H]1CC[C@@H]([C@H](C)C(=O)O[C@@H](C)C[C@@H]2CC[C@H]([C@@H](C)C(=O)O)O2)O1,0,0.5859178839864072,0.4140821160135929,0.9999418258666992,0.9938308660232688,1
CNP0280737.11,CC[C@H](O)C[C@@H]1CC[C@@H]([C@@H](C)C(=O)O[C@@H](C)C[C@@H]2CC[C@@H]([C@@H](C)C(=O)O)O2)O1,0,0.5859178839864072,0.4140821160135929,0.9999418258666992,0.9938308660232688,1
CNP0280737.10,CC[C@@H](O)C[C@H]1CC[C@H]([C@@H](C)C(=O)O[C@@H](C)C[C@@H]2CC[C@H]([C@@H](C)C(=O)O)O2)O1,0,0.5859178839864072,0.4140821160135929,0.9999418258666992,0.9938308660232688,1
CNP0280737.2,CC[C@@H](O)C[C@H]1CC[C@H]([C@H](C)C(=O)O[C@@H](C)C[C@H]2CC[C@H]([C@H](C)C(=O)O)O2)O1,0,0.5859178839864072,0.4140821160135929,0.9999418258666992,0.9938308660232688,1
CNP0280737.8,CC[C@H](O)C[C@H]1CC[C@H]([C@@H](C)C(=O)O[C@@H](C)C[C@@H]2CC[C@H]([C@@H](C)C(=O)O)O2)O1,0,0.5859178839864072,0.4140821160135929,0.9999418258666992,0.9938308660232688,1
CNP0280737.7,CC[C@H](O)C[C@H]1CC[C@@H]([C@@H](C)C(=O)O[C@@H](C)C[C@@H]2CC[C@@H]([C@@H](C)C(=O)O)O2)O1,0,0.5859178839864072,0.4140821160135929,0.9999418258666992,0.9938308660232688,1
CNP0280737.4,CC[C@H](O)C[C@@H]1CC[C@H]([C@H](C)C(=O)O[C@H](C)C[C@@H]2CC[C@H]([C@H](C)C(=O)O)O2)O1,0,0.5859178839864072,0.4140821160135929,0.9999418258666992,0.9938308660232688,1
CNP0280737.13,CC[C@H](O)C[C@@H]1CC[C@H]([C@H](C)C(=O)O[C@H](C)C[C@@H]2CC[C@@H]([C@H](C)C(=O)O)O2)O1,0,0.5859178839864072,0.4140821160135929,0.9999418258666992,0.9938308660232688,1
CNP0280737.5,CC[C@H](O)C[C@@H]1CC[C@H]([C@@H](C)C(=O)O[C@@H](C)C[C@@H]2CC[C@H]([C@@H](C)C(=O)O)O2)O1,0,0.5859178839864072,0.4140821160135929,0.9999418258666992,0.9938308660232688,1
CNP0280737.12,CC[C@@H](O)C[C@@H]1CC[C@@H]([C@@H](C)C(=O)O[C@@H](C)C[C@@H]2CC[C@@H]([C@@H](C)C(=O)O)O2)O1,0,0.5859178839864072,0.4140821160135929,0.9999418258666992,0.9938308660232688,1
CNP0280737.15,CC[C@H](O)C[C@@H]1CC[C@H]([C@H](C)C(=O)O[C@H](C)C[C@@H]2CC[C@H]([C@@H](C)C(=O)O)O2)O1,0,0.5859178839864072,0.4140821160135929,0.9999418258666992,0.9938308660232688,1
CNP0280737.14,CC[C@H](O)C[C@@H]1CC[C@H]([C@H](C)C(=O)O[C@H](C)C[C@@H]2CC[C@@H]([C@@H](C)C(=O)O)O2)O1,0,0.5859178839864072,0.4140821160135929,0.9999418258666992,0.9938308660232688,1
CNP0341788.1,C[C@@H]1CCC[C@H](C)N1NC(=O)C1=CC=C(Cl)C(S(N)(=O)=O)=C1,0,0.5695649366972895,0.4304350633027105,0.999937891960144,0.9936187266396165,1
CNP0514442.2,COC1=CC=C(C(=O)N[C@H](CC2=CC=CC=C2)C(=O)OCC(=O)C2=CC=C(Cl)C=C2)C=C1OC,1,0.4706771978021977,0.5293228021978023,0.9999364614486694,0.9935442596839987,1
CNP0514442.1,COC1=CC=C(C(=O)N[C@@H](CC2=CC=CC=C2)C(=O)OCC(=O)C2=CC=C(Cl)C=C2)C=C1OC,1,0.4706771978021977,0.5293228021978023,0.9999364614486694,0.9935442596839987,1
CNP0138604.1,O=C(O)[C@@H]1CC2=CNC3=CC=C(O)C(=C23)C(C2=CNC3=CC=C(O)C=C23)=N1,0,0.6137111026228673,0.3862888973771327,0.9999357461929321,0.993506854180043,1
CNP0254170.1,CC[C@@H](C[C@@H]1CC[C@H]([C@@H](C)C(=O)O)O1)OC(=O)[C@@H](C)[C@H]1CC[C@@H](C[C@H](C)O)O1,0,0.568764552441023,0.4312354475589769,0.9999353885650635,0.9934899390356814,1
CNP0254170.2,CC[C@@H](C[C@@H]1CC[C@H]([C@@H](C)C(=O)O)O1)OC(=O)[C@@H](C)[C@@H]1CC[C@H](C[C@@H](C)O)O1,0,0.568764552441023,0.4312354475589769,0.9999353885650635,0.9934899390356814,1
CNP0257376.1,CCOC(=O)[C@H](C)[C@H]1CC[C@@H](C[C@H](CC)OC(=O)[C@@H](C)[C@@H]2CC[C@H](C[C@@H](C)O)O2)O1,0,0.5677411591676297,0.4322588408323702,0.9999346733093262,0.993450826500205,1
CNP0455689.1,CC[C@H](C)[C@H](NC(=O)[C@@H](N)[C@@H](C)O)C(=O)O,0,0.5684469435792966,0.4315530564207034,0.9999309778213501,0.9932608314000559,1
CNP0177057.1,COC1=CC=C(C2=NOC([C@@H](C)NS(=O)(=O)CC(C)C)=C2C(=O)O)C=C1,0,0.5248855311355312,0.4751144688644688,0.9999297857284546,0.9931987869844647,1
CNP0112651.1,COC(=O)[C@H](C)[C@H](O)CC[C@](C)(O)CCCC(C)CCC(=O)C(C)(C)CCCC(C)=O,0,0.5602889581179055,0.4397110418820945,0.9999281167984009,0.9931203898528259,1
CNP0329412.1,CCCC[C@H](C)CCC[C@@H](C)C(=O)O,0,0.5987307401920406,0.4012692598079595,0.9999269247055054,0.9930614634336171,1
CNP0100441.1,CCOC(=O)C1=C2CC[C@@H](C(C)C)C=C2C2=C(C=C3O[C@H](C(C)(C)O)CC3=C2OC)O1,0,0.6003107503607504,0.3996892496392497,0.9999245405197144,0.9929446990209034,1
CNP0575302.1,CC[C@@H](O)C[C@H]1CC[C@@H]([C@H](C)C(=O)O[C@@H](C)C[C@@H]2CC[C@H]([C@@H](C)C(=O)OC)O2)O1,0,0.569652639427045,0.430347360572955,0.9999226331710815,0.9928495143551669,1
CNP0115667.1,CCOC(=O)C1=C/C(=C\CN2C=CN=C2)C2=C(C=C3O[C@H](C(C)(C)O)CC3=C2OC2CCCCC2)O1,0,0.5620301828890064,0.4379698171109936,0.9999206066131592,0.9927557022005676,1
CNP0548411.1,NC1=NC=NC2=C1N=C(NCC1=CC=C(Cl)C(Cl)=C1)N2[C@@H]1O[C@H](CO)[C@@H](O)[C@H]1O,0,0.6847833860925516,0.3152166139074483,0.9999183416366577,0.9926463791404111,1
CNP0100589.1,CCOC(=O)C1=C/C(=C\CC(C)C)C2=C(C=C3O[C@H](C(C)(C)O)CC3=C2OC)O1,0,0.6110632756132757,0.3889367243867244,0.9999161958694458,0.9925521615733413,1
CNP0545782.0,CCCCC(CC(C)CC)C(=O)O,0,0.6247805996892685,0.3752194003107316,0.9999161958694458,0.9925473709357252,1
CNP0290048.1,CC[C@@H](C)[C@@H](O)C(=O)O,0,0.6783113569437101,0.3216886430562901,0.9999114274978638,0.9923325199822095,1
CNP0290048.2,CC[C@H](C)[C@H](O)C(=O)O,0,0.6783113569437101,0.3216886430562901,0.9999114274978638,0.9923325199822095,1
CNP0290048.3,CC[C@@H](C)[C@H](O)C(=O)O,0,0.6783113569437101,0.3216886430562901,0.9999114274978638,0.9923325199822095,1
