mw,logp,n_hba,n_hbd,canonical_smiles,identifier,hybrid_pretrain_prob,hybrid_scratch_prob,hybrid_random_pretrain_prob,hybrid_random_scratch_prob,rf_prob,rank
491.5400000000004,4.872700000000004,7,4,COC1=C(O)C(CC2=CNC=C2)=C2OC(C3=CC=C(O)C=C3)=CC(=O)C2=C1OCCC1(O)CCCC1,CNP0440474.0,0.9989808201789856,1.0,0.8495928645133972,0.9998573064804077,0.42513527984344424,1
497.6730000000003,4.830300000000004,6,1,CCCC[C@H](C)C[C@@H](C)C(=O)N1CCC[C@H]1C(=O)O[C@@H](C(=O)O[C@H](C(=O)O)[C@@H](C)CC)[C@@H](C)CC,CNP0121132.3,1.0,1.0,0.9999984502792358,0.9999984502792358,0.51,2
364.82900000000006,3.2993000000000023,5,1,COC[C@H]1CCCN1C(=O)C1=C([C@H](C)O)ON=C1C1=CC=C(Cl)C=C1,CNP0192527.1,0.9999831914901733,1.0,0.9999983310699463,0.999990701675415,0.5963968048670183,3
384.48000000000036,3.7493000000000034,5,0,COCC(=O)N1C2=NC(C3=CC=CO3)=NN2C2(CCCCC2)[C@@H]2CCCC[C@@H]21,CNP0566079.1,0.9998476505279541,1.0,0.9615973830223083,0.9997925162315369,0.5890024208293111,4
474.6820000000003,4.612600000000005,5,3,CCCCC(=O)[C@@H](C)[C@H]1C[C@H](O)[C@@]2(C)C3=C(C(=O)C[C@]12C)[C@@]1(C)CC[C@H](O)C(C)(C)[C@@H]1C[C@@H]3O,CNP0597604.1,0.03725263848900795,1.0,0.0020819620694965124,0.9919576644897461,0.3992352543881745,5
414.5390000000002,3.0096000000000016,7,1,CC[C@@H](O)C[C@H]1CC[C@@H]([C@H](C)C(=O)O[C@@H](C)C[C@@H]2CC[C@H]([C@@H](C)C(=O)OC)O2)O1,CNP0575302.1,0.9997199177742004,1.0,0.9999226331710815,0.9985820055007935,0.46539016689219664,6
414.53900000000016,3.311300000000002,6,2,CC[C@@H](O)C[C@@H]1CC[C@H]([C@@H](C)C(=O)O[C@@H](CC)C[C@@H]2CC[C@H]([C@@H](C)C(=O)O)O2)O1,CNP0348395.6,0.9997996687889099,1.0,0.9999775886535645,0.9994999170303345,0.4620568335588633,7
490.7250000000005,4.484300000000004,5,4,C[C@H](C[C@H](O)[C@H](O)C(C)(C)O)[C@H]1[C@@H](O)C[C@@]2(C)[C@@H]3CC[C@H]4C(C)(C)C(=O)CC[C@@]45C[C@@]35CC[C@]12C,CNP0287040.1,0.9952757358551025,1.0,0.9981903433799744,0.9571301937103271,0.3566666666666667,8
414.53900000000016,3.311300000000002,6,2,CC[C@H](O)C[C@@H]1CC[C@@H]([C@@H](C)C(=O)O[C@@H](CC)C[C@@H]2CC[C@@H]([C@@H](C)C(=O)O)O2)O1,CNP0348395.3,0.9997996687889099,1.0,0.9999775886535645,0.9994999170303345,0.4620568335588633,9
412.4860000000002,2.8379000000000003,5,2,COC(=O)[C@@H](CC1=CC=CC=C1)NC(=O)[C@H](NC(=O)OCC1=CC=CC=C1)C(C)C,CNP0105105.4,0.999548614025116,1.0,0.9994107484817505,0.9998669624328613,0.5833333333333334,10
432.5130000000002,3.5308000000000024,7,2,CCOC(=O)C1=C/C(=C\CC(C)C)C2=C(OC)C3=C(O[C@H](C(C)(C)O)C3)C(CO)=C2O1,CNP0362524.1,0.9992665648460388,1.0,0.9992908239364624,0.9932625889778137,0.42393173852819827,11
356.46200000000016,3.8102000000000027,3,1,CC(C(=O)O)C1CCC2C3C=CC4=CC(=O)CC[C@]4(C)C3CC(=O)[C@]12C,CNP0334249.1,0.9989973902702332,1.0,0.9992934465408325,0.9996776580810547,0.4120568335588633,12
400.51200000000017,2.9212000000000007,6,2,CC[C@@H](O)C[C@H]1CC[C@H]([C@H](C)C(=O)O[C@@H](C)C[C@H]2CC[C@H]([C@H](C)C(=O)O)O2)O1,CNP0280737.2,0.9999537467956543,1.0,0.9999418258666992,0.9994015693664551,0.48539016689219666,13
398.4960000000002,3.1294000000000013,6,1,CC[C@H](C[C@@H]1CC[C@H]([C@H](C)C(=O)O)O1)OC(=O)[C@H](C)[C@@H]1CC[C@H](CC(C)=O)O1,CNP0308098.4,0.9999488592147827,1.0,0.9999961853027344,0.9998990297317505,0.4420568335588633,14
351.8410000000001,3.3333000000000013,4,0,CN(C)CC1=NN=C2CN=C(C3=CC=CC=C3)C3=CC(Cl)=CC=C3N21,CNP0570888.0,0.9808206558227539,1.0,0.9996447563171387,0.9995986819267273,0.40244445868475404,15
441.9150000000002,4.019300000000003,6,1,COC1=CC=CC=C1N1CCN(C(=O)C2=C([C@H](C)O)ON=C2C2=CC=C(Cl)C=C2)CC1,CNP0071385.1,0.9998927116394043,1.0,0.9999920129776001,0.9999067783355713,0.5650313932457517,16
490.7250000000005,4.436600000000004,5,4,CC(C)(O)[C@H]1CC[C@@](C)(C2[C@@H](O)C[C@@]3(C)[C@@H]4[C@H](O)C[C@H]5C(C)(C)[C@@H](O)CC[C@@]56C[C@@]46CC[C@]23C)O1,CNP0134193.1,0.9813951849937439,1.0,0.9996464252471924,0.9966198205947876,0.3233333333333333,17
469.6230000000003,3.073800000000002,5,4,CCC(C)[C@H](NC(=O)OC(C)(C)C)C(=O)NC[C@H]1CC[C@H](C(=O)N[C@@H](C(=O)O)C(C)C)CC1,CNP0318173.1,0.996482253074646,1.0,0.997913658618927,0.9998100399971008,0.5476238455079764,18
496.6040000000003,4.274020000000005,7,2,COC1=CC([C@H]2C(C(=O)C3=CC=C(OCC(C)C)C(C)=C3)=C(O)C(=O)N2CCCN(C)C)=CC=C1O,CNP0371411.1,0.6686928868293762,1.0,0.7461516261100769,0.9984170198440552,0.38256858772150787,19
400.51200000000017,2.9212000000000007,6,2,CC[C@H](O)C[C@H]1CC[C@@H]([C@@H](C)C(=O)O[C@@H](C)C[C@@H]2CC[C@@H]([C@@H](C)C(=O)O)O2)O1,CNP0280737.7,0.9999537467956543,1.0,0.9999418258666992,0.9994015693664551,0.48539016689219666,20
474.51300000000026,4.197300000000003,6,4,COC1=CC=C(C(CC(=O)NCCC2=CNC3=CC=C(O)C=C23)C2=CC3=C(C=C2O)OCO3)C=C1,CNP0328615.0,0.6212764978408813,1.0,0.8864186406135559,0.9656440615653992,0.38762384550797646,21
428.5250000000003,3.5843000000000025,6,0,CC(=O)OC[C@@H](OC(C)=O)[C@H]1CC[C@H]2[C@@H]3C=CC4=CC(=O)CC[C@]4(C)[C@H]3CC(=O)[C@]12C,CNP0418362.1,0.9281148314476013,1.0,0.9996291399002075,0.9989816546440125,0.3520568335588633,22
483.6500000000003,3.4639000000000024,5,4,CC[C@@H](C)[C@H](NC(=O)OC(C)(C)C)C(=O)NC[C@H]1CC[C@@H](C(=O)N[C@H](C(=O)O)[C@@H](C)CC)CC1,CNP0389017.2,0.9977188110351562,1.0,0.9984444975852966,0.9998314380645752,0.5409571788413098,23
483.6500000000004,3.4639000000000015,5,4,CC[C@H](C)[C@H](NC(=O)[C@H]1CC[C@H](CNC(=O)[C@@H](NC(=O)OC(C)(C)C)[C@@H](C)CC)CC1)C(=O)O,CNP0389017.4,0.9977188110351562,1.0,0.9984444975852966,0.9998314380645752,0.5409571788413098,24
490.7250000000004,4.436600000000004,5,4,CC(C)(O)[C@H]1CC[C@](C)([C@H]2[C@@H](O)C[C@@]3(C)[C@H]4C[C@H](O)[C@H]5C(C)(C)[C@@H](O)CC[C@@]56C[C@@]46CC[C@]23C)O1,CNP0243356.11,0.9949350953102112,1.0,0.999362051486969,0.9976916313171387,0.3233333333333333,25
402.5750000000003,4.982700000000005,4,0,COC(=O)CC[C@H](C)[C@H]1CC[C@H]2[C@H]3C(=O)C[C@@H]4CCCC[C@]4(C)[C@H]3CC(=O)[C@]12C,CNP0060524.1,0.9999881982803345,1.0,0.9999749660491943,0.9993046522140503,0.37333333333333335,26
402.5750000000003,4.982700000000005,4,0,COC(=O)CC[C@H](C)[C@H]1CC[C@H]2[C@H]3C(=O)C[C@@H]4CCCC[C@]4(C)[C@@H]3CC(=O)[C@]12C,CNP0060524.2,0.9999881982803345,1.0,0.9999749660491943,0.9993046522140503,0.37333333333333335,27
402.5750000000003,4.982700000000005,4,0,COC(=O)CC[C@H](C)[C@H]1CC[C@@H]2[C@H]3C(=O)C[C@@H]4CCCC[C@]4(C)[C@@H]3CC(=O)[C@@]21C,CNP0060524.3,0.9999881982803345,1.0,0.9999749660491943,0.9993046522140503,0.37333333333333335,28
402.5750000000003,4.982700000000005,4,0,COC(=O)CC[C@H](C)[C@H]1CC[C@@H]2[C@H]3C(=O)C[C@@H]4CCCC[C@]4(C)[C@H]3CC(=O)[C@@]21C,CNP0060524.4,0.9999881982803345,1.0,0.9999749660491943,0.9993046522140503,0.37333333333333335,29
490.7250000000004,4.436600000000004,5,4,CC(C)(O)[C@H]1CC[C@@](C)([C@H]2[C@@H](O)C[C@@]3(C)[C@@H]4C[C@H](O)[C@H]5C(C)(C)[C@@H](O)CC[C@@]56C[C@@]46CC[C@]23C)O1,CNP0243356.4,0.9949350953102112,1.0,0.999362051486969,0.9976916313171387,0.3233333333333333,30
462.67100000000033,4.158400000000004,5,4,C[C@H](CC[C@H](C)C(C)(C)O)[C@H]1CC[C@@]2(O)C3=CC(=O)[C@H]4C[C@H](O)CC[C@]4(C)[C@@]3(O)CC[C@]12C,CNP0472437.1,0.990889847278595,1.0,0.8278400897979736,0.9230942726135254,0.3933333333333333,31
469.62300000000033,3.073800000000001,5,4,CC[C@H](C)[C@H](NC(=O)[C@H]1CC[C@H](CNC(=O)[C@H](NC(=O)OC(C)(C)C)C(C)C)CC1)C(=O)O,CNP0333052.4,0.9972008466720581,1.0,0.9966301321983337,0.9998130202293396,0.5542905121746431,32
418.61800000000017,4.693500000000006,4,3,C=C1/C(=C/C=C2\CCC[C@]3(C)[C@@H]([C@H](C)OCCC(C)(C)O)CC[C@@H]23)C[C@@H](O)C[C@@H]1O,CNP0074715.2,0.9198735356330872,1.0,0.9778724908828735,0.974150538444519,0.37,33
425.8720000000001,2.7054,3,3,O=C(N[C@@H](CC1=CC=CC=C1)C(=O)N1CC(C(=O)O)C1)C1=CC2=CC(Cl)=CC=C2N1,CNP0529166.1,0.999679684638977,1.0,0.9771580696105957,0.9998897314071655,0.48,34
488.6210000000003,3.1937000000000015,7,2,COC(=O)CCC(C)[C@H]1CC(=O)[C@@]2(C)C3=C(C(=O)[C@@H](O)[C@]12C)[C@@]1(C)CC[C@H](O)C(C)(C)[C@@H]1CC3=O,CNP0294268.2,0.9827545285224915,1.0,0.9370954036712646,0.9749444127082825,0.3914872798434442,35
418.4940000000002,2.8344000000000005,4,4,CCC(C)[C@H](NC(=O)N1CC(O)=NC2=CC=CC=C21)C(=O)N[C@@H](CC(C)C)C(=O)O,CNP0524249.1,0.24158306419849396,1.0,0.8113997578620911,0.9999090433120728,0.46244445868475403,36
398.4960000000002,3.1294000000000013,6,1,CC[C@H](C[C@@H]1CC[C@H]([C@H](C)C(=O)O)O1)OC(=O)[C@H](C)[C@@H]1CC[C@@H](CC(C)=O)O1,CNP0308098.2,0.9999488592147827,1.0,0.9999961853027344,0.9998990297317505,0.4420568335588633,37
469.62300000000033,3.073800000000001,5,4,CC[C@@H](C)[C@H](NC(=O)[C@H]1CC[C@H](CNC(=O)[C@@H](NC(=O)OC(C)(C)C)C(C)C)CC1)C(=O)O,CNP0333052.6,0.9972008466720581,1.0,0.9966301321983337,0.9998130202293396,0.5542905121746431,38
448.6440000000003,3.6242000000000028,5,4,C[C@H]([C@H](C)CC(C)(C)O)[C@H]1CC[C@@]2(O)C3=CC(=O)[C@@H]4C[C@@H](O)[C@@H](O)C[C@]4(C)[C@H]3CC[C@]12C,CNP0225117.4,0.9835221767425537,1.0,0.8077587485313416,0.999009370803833,0.4081539465101109,39
477.9700000000002,3.0675000000000017,6,2,COC1=C2CN(C)CCC2=C(S(=O)(=O)NCCC2=CNC3=CC=C(Cl)C=C23)C2=C1OCO2,CNP0171574.0,0.9999953508377075,1.0,0.9999843835830688,0.9998949766159058,0.5929745596868885,40
442.63700000000034,4.6288000000000045,6,2,COC(=O)[C@H](C)[C@H](O)CC[C@](C)(O)CCCC(C)CCC(=O)C(C)(C)CCCC(C)=O,CNP0112651.1,0.9999189376831055,1.0,0.9999281167984009,0.9992266893386841,0.4420568335588633,41
387.57200000000023,3.353200000000001,3,2,CC(C)NC(=O)NC[C@H]1C[C@@H]2CCN1C[C@@H]2C1=CC(C2CCCCC2)=NN1C,CNP0226667.2,0.0001837178278947249,1.0,0.0008050657343119383,0.9946879148483276,0.4899816531605101,42
451.5230000000002,3.3192000000000013,5,3,COC(=O)C(CC1=CNC2=CC=CC=C12)NC(=O)C(NC(=O)OCC1=CC=CC=C1)C(C)C,CNP0368271.0,0.9922965168952942,1.0,0.9861307740211487,0.9999477863311768,0.63,43
430.5410000000002,4.818700000000005,6,1,CCCOC1=C2C[C@@H](C(C)(C)O)OC2=CC2=C1/C(=C/CC(C)C)C=C(C(=O)OCC)O2,CNP0093426.1,0.9999895095825195,1.0,0.9997645020484924,0.9782611727714539,0.42148727984344425,44
400.51200000000017,2.9212000000000007,6,2,CC[C@H](O)C[C@@H]1CC[C@H]([C@H](C)C(=O)O[C@H](C)C[C@@H]2CC[C@@H]([C@@H](C)C(=O)O)O2)O1,CNP0280737.14,0.9999537467956543,1.0,0.9999418258666992,0.9994015693664551,0.48539016689219666,45
419.9090000000003,3.051800000000001,3,2,CCC(C)[C@H](NC(=O)C1=CC2=CC(Cl)=CC=C2N1C)C(=O)N1CCC[C@H]1C(=O)O,CNP0387678.1,0.9459872245788574,1.0,0.9514086246490479,0.9998224377632141,0.5466666666666666,46
494.5920000000002,4.055600000000002,4,4,CCC(C)C(NC(=O)C(CC1=CC=CC=C1)NC(=O)N1C2=CC=CC=C2N=C(O)C1C(C)C)C(=O)O,CNP0558788.0,0.9999333620071411,1.0,0.9996215105056763,0.9999784231185913,0.5405984051948649,47
414.53900000000016,3.311300000000002,6,2,CC[C@H](O)C[C@H]1CC[C@@H]([C@@H](C)C(=O)O[C@@H](CC)C[C@@H]2CC[C@@H]([C@@H](C)C(=O)O)O2)O1,CNP0348395.2,0.9997996687889099,1.0,0.9999775886535645,0.9994999170303345,0.4620568335588633,48
442.5930000000002,3.789800000000003,7,1,CCOC(=O)[C@H](C)[C@H]1CC[C@@H](C[C@H](CC)OC(=O)[C@@H](C)[C@@H]2CC[C@H](C[C@H](O)CC)O2)O1,CNP0352003.1,0.9955940842628479,1.0,0.99997878074646,0.997338593006134,0.40872350022553,49
366.5060000000001,2.874140000000002,5,2,CCCCN(C)C[C@@H]1[C@H](CC)CN(C(=O)NC2=C(C)ON=C2C)[C@@H]1CO,CNP0537077.1,0.005112962331622839,1.0,0.005861249286681414,0.9999408721923828,0.4901346336767097,50
381.94800000000004,3.922700000000004,3,2,CCCCN(C)C[C@@H]1[C@H](CC)CN(C(=O)NC2=CC=CC(Cl)=C2)[C@@H]1CO,CNP0577203.1,0.001992977922782302,1.0,0.02503921650350094,0.9988628625869751,0.4238450874959778,51
426.51300000000015,3.2280000000000015,5,2,CC[C@H](C)[C@@H](NC(=O)OCC1=CC=CC=C1)C(=O)N[C@@H](CC1=CC=CC=C1)C(=O)OC,CNP0505565.3,0.9999995231628418,1.0,0.9999853372573853,0.9999933242797852,0.64,52
426.51300000000015,3.2280000000000015,5,2,CC[C@H](C)[C@@H](NC(=O)OCC1=CC=CC=C1)C(=O)N[C@H](CC1=CC=CC=C1)C(=O)OC,CNP0505565.4,0.9999995231628418,1.0,0.9999853372573853,0.9999933242797852,0.64,53
356.46200000000016,3.8102000000000027,3,1,C[C@@H](C(=O)O)[C@H]1CC[C@H]2[C@@H]3C=CC4=CC(=O)CC[C@]4(C)[C@H]3CC(=O)[C@]12C,CNP0334249.2,0.9989973902702332,1.0,0.9992934465408325,0.9996776580810547,0.4120568335588633,54
490.5160000000002,3.1083200000000013,8,4,COC1=CC(C(CC(=O)NC(CC2=CC=CC=C2)C2=NC=NN2)C2=C(O)C(=O)C=C(C)O2)=CC=C1O,CNP0412053.0,0.9958654642105103,1.0,0.9991002082824707,0.9997361302375793,0.5,55
432.6450000000003,4.797500000000005,4,3,CC(CCCC(C)(C)O)C1CCC2(O)C3=CC(=O)C4CC(O)CCC4(C)C3CCC12C,CNP0348970.0,0.9986478686332703,1.0,0.9254830479621887,0.9783515334129333,0.41,56
495.3290000000002,4.290600000000002,5,2,O=C(COC(=O)[C@@H](CC1=CNC2=CC=CC=C12)NC(=O)C1=CC=CO1)C1=CC=C(Br)C=C1,CNP0530084.2,0.9995424747467041,1.0,0.9993775486946106,0.9995430707931519,0.41333333333333333,57
479.4890000000003,3.7166200000000025,8,3,COC1=CC=C(C(CC(=O)NC2=CC=C3NC=NC3=C2)C2=C(O)C=C(C)OC2=O)C(OC)=C1OC,CNP0164519.0,0.337758868932724,1.0,0.15327100455760956,0.9987587928771973,0.4081539465101109,58
432.64500000000027,4.675500000000005,4,4,C=C1/C(=C\C=C2/CCC[C@]3(C)[C@@H]([C@H](C)CC[C@@H](O)C(C)(C)O)CC[C@@H]23)C[C@@H](O)C[C@@H]1O,CNP0082820.1,0.04412998631596565,1.0,0.8502745628356934,0.870843768119812,0.37333333333333335,59
446.62800000000027,3.854500000000002,5,4,C=C1/C(=C\C=C2/CCC[C@]3(C)[C@@H]([C@H](C)CC(O)C(=O)C(C)(C)O)CC[C@@H]23)C[C@@H](O)C[C@@H]1O,CNP0206703.1,0.2941300868988037,1.0,0.9876563549041748,0.9984706044197083,0.4,60
432.64500000000027,4.675500000000005,4,4,C=C1/C(=C\C=C2/CCC[C@]3(C)[C@@H]([C@H](C)C[C@H](O)CC(C)(C)O)CC[C@@H]23)C[C@@H](O)C[C@@H]1O,CNP0082165.1,0.13550056517124176,1.0,0.9892919659614563,0.9989230036735535,0.38333333333333336,61
400.51200000000017,2.9212000000000007,6,2,CC[C@@H](O)C[C@H]1CC[C@@H]([C@@H](C)C(=O)O[C@@H](C)C[C@@H]2CC[C@@H]([C@@H](C)C(=O)O)O2)O1,CNP0280737.6,0.9999537467956543,1.0,0.9999418258666992,0.9994015693664551,0.48539016689219666,62
426.51300000000015,3.2280000000000015,5,2,CC[C@H](C)[C@H](NC(=O)OCC1=CC=CC=C1)C(=O)N[C@@H](CC1=CC=CC=C1)C(=O)OC,CNP0505565.1,0.9999995231628418,1.0,0.9999853372573853,0.9999933242797852,0.64,63
426.51300000000015,3.2280000000000015,5,2,CC[C@H](C)[C@H](NC(=O)OCC1=CC=CC=C1)C(=O)N[C@H](CC1=CC=CC=C1)C(=O)OC,CNP0505565.2,0.9999995231628418,1.0,0.9999853372573853,0.9999933242797852,0.64,64
464.47800000000024,2.810120000000001,8,3,COC1=CC(C(CC(=O)N[C@H](C)C2=NN=C3C=CC=CN23)C2=C(O)C(=O)C=C(C)O2)=CC=C1O,CNP0411463.1,0.9926033616065979,1.0,0.9973304271697998,0.9999828338623047,0.4766666666666667,65
470.6580000000004,4.187000000000002,4,2,CN1N=C(C2CCCCC2)C=C1[C@H]1C[N@]2CC[C@H]1C[C@@H]2CNC(=O)CC1(CC(=O)O)CCCC1,CNP0236606.1,0.7755574584007263,1.0,0.00394419813528657,0.9972838163375854,0.5081539465101108,66
408.61200000000025,2.9750000000000005,4,1,CCCS(=O)(=O)NC[C@H]1C[C@@H]2CC[N@@]1C[C@@H]2C1=CC(C2CCCCC2)=NN1C,CNP0011375.1,0.08868778496980667,1.0,0.9101517200469971,0.9999735355377197,0.5881539465101109,67
448.6440000000003,3.6242000000000028,5,4,C[C@H]([C@H](C)CC(C)(C)O)[C@@H]1CC[C@@]2(O)C3=CC(=O)[C@@H]4C[C@@H](O)[C@@H](O)C[C@]4(C)[C@H]3CC[C@]12C,CNP0225117.3,0.9835221767425537,1.0,0.8077587485313416,0.999009370803833,0.4081539465101109,68
469.6230000000003,3.073800000000002,5,4,CC[C@H](C)[C@H](NC(=O)OC(C)(C)C)C(=O)NC[C@H]1CC[C@@H](C(=O)N[C@H](C(=O)O)C(C)C)CC1,CNP0318173.4,0.996482253074646,1.0,0.997913658618927,0.9998100399971008,0.5476238455079764,69
488.7090000000004,4.658100000000005,5,3,C[C@@H]1C[C@H]2O[C@@]3(O[C@H]2C(C)(C)O)[C@@H](O)[C@@]2(C)[C@@H]4CC[C@H]5C(C)(C)[C@@H](O)CC[C@@]56C[C@@]46CC[C@]2(C)[C@@H]13,CNP0264366.4,0.29516714811325073,1.0,0.8953710794448853,0.9285128116607666,0.38,70
448.6440000000003,3.6242000000000028,5,4,C[C@H]([C@H](C)CC(C)(C)O)[C@H]1CC[C@@]2(O)C3=CC(=O)[C@H]4C[C@@H](O)[C@@H](O)C[C@]4(C)[C@H]3CC[C@]12C,CNP0225117.1,0.9835221767425537,1.0,0.8077587485313416,0.999009370803833,0.4081539465101109,71
436.5040000000002,4.235100000000004,6,1,C=C1C=C(C(=O)OCC)OC2=CC3=C(C[C@@H](C(C)(C)O)O3)C(OCCC3=CC=CC=C3)=C12,CNP0186545.1,0.9972789883613586,1.0,0.9984484910964966,0.9797257781028748,0.34148727984344424,72
448.6440000000003,3.7683000000000026,5,4,C[C@H](CCCC(C)(C)O)[C@H]1CC[C@@]2(O)C3=CC(=O)[C@@H]4C[C@@H](O)[C@@H](O)C[C@]4(C)[C@H]3CC[C@]12C,CNP0168100.1,0.9987362027168274,1.0,0.9157906770706177,0.9882515072822571,0.39,73
404.5030000000002,3.737100000000003,6,2,CCCOC1=C2C[C@@H](C(C)(C)O)OC2=CC2=C1C(=O)C(CCC(C)C)=C(CO)O2,CNP0027797.1,0.995238184928894,1.0,0.7436823844909668,0.9729672074317932,0.36148727984344425,74
459.50200000000024,4.405200000000003,6,3,COC1=CC=C(C(CC(=O)N[C@@H](C)C2=NC3=CC=CC=C3N2)C2=CC3=C(C=C2O)OCO3)C=C1,CNP0414452.1,0.9908255934715271,1.0,0.7704080939292908,0.9951989054679871,0.44333333333333336,75
428.96400000000045,4.809700000000005,4,0,COCC(=O)N1C2=NC(C3=CC=C(Cl)C=C3)=NN2C2(CCCCC2)[C@@H]2CCCC[C@@H]21,CNP0536941.1,0.9999966621398926,1.0,0.9987899661064148,0.9996328353881836,0.665691140985867,76
446.62800000000027,3.6884000000000023,5,4,C[C@H](CCCC(C)(C)O)[C@H]1CC[C@]2(O)C3=CC(=O)C4=C[C@H](O)[C@H](O)C[C@]4(C)[C@H]3CC[C@]12C,CNP0155531.2,0.9973932504653931,1.0,0.7857016921043396,0.9787719249725342,0.38,77
490.7250000000004,4.436600000000004,5,4,CC(C)(O)[C@@H]1CC[C@](C)([C@H]2[C@@H](O)C[C@@]3(C)[C@@H]4C[C@H](O)C5C(C)(C)[C@@H](O)CC[C@@]56C[C@@]46CC[C@]23C)O1,CNP0243356.8,0.9949350953102112,1.0,0.999362051486969,0.9976916313171387,0.3233333333333333,78
490.7250000000004,4.436600000000004,5,4,CC(C)(O)[C@@H]1CC[C@](C)([C@H]2[C@@H](O)C[C@@]3(C)[C@@H]4C[C@H](O)[C@@H]5C(C)(C)[C@@H](O)CC[C@@]56C[C@@]46CC[C@]23C)O1,CNP0243356.10,0.9949350953102112,1.0,0.999362051486969,0.9976916313171387,0.3233333333333333,79
450.61900000000026,4.758400000000005,4,2,CO[C@@H]1CC(=O)[C@H]2[C@@H]3[C@@H]4C[C@](C)([C@@]12O)[C@@]3(C)[C@@]12CC4CC[C@@H]1C[C@@H](CC1=CC=CC=C1O)C2,CNP0474521.3,0.002098137279972434,1.0,0.0001456107565900311,0.31697553396224976,0.3181539465101109,80
490.7250000000004,4.436600000000004,5,4,CC(C)(O)[C@H]1CC[C@@](C)([C@H]2[C@@H](O)C[C@@]3(C)[C@@H]4C[C@H](O)C5C(C)(C)[C@@H](O)CCC56CC46CC[C@]23C)O1,CNP0243356.7,0.9949350953102112,1.0,0.999362051486969,0.9976916313171387,0.3233333333333333,81
398.4960000000002,3.1294000000000013,6,1,CC[C@H](C[C@@H]1CC[C@H]([C@H](C)C(=O)O)O1)OC(=O)[C@H](C)[C@H]1CC[C@H](CC(C)=O)O1,CNP0308098.1,0.9999488592147827,1.0,0.9999961853027344,0.9998990297317505,0.4420568335588633,82
408.61200000000025,2.9750000000000005,4,1,CCCS(=O)(=O)NC[C@H]1C[C@@H]2CCN1C[C@@H]2C1=CC(C2CCCCC2)=NN1C,CNP0011375.2,0.08868778496980667,1.0,0.9101517200469971,0.9999735355377197,0.5881539465101109,83
398.4960000000002,3.1294000000000013,6,1,CC[C@H](C[C@@H]1CC[C@H]([C@H](C)C(=O)O)O1)OC(=O)[C@H](C)[C@H]1CC[C@@H](CC(C)=O)O1,CNP0308098.3,0.9999488592147827,1.0,0.9999961853027344,0.9998990297317505,0.4420568335588633,84
432.51600000000013,4.537200000000005,5,3,COC1=CC(O)=C2C3=C(CCC2=C1CC1=CC=C(O)C=C1)C1=C(C=C3)O[C@H](C(C)(C)O)C1,CNP0307053.1,0.9962413311004639,1.0,0.9993976354598999,0.9990314245223999,0.3933112798434442,85
462.67100000000033,4.158400000000004,5,4,C[C@H](CC[C@H](C)C(C)(C)O)[C@H]1CC[C@@]2(O)C3=CC(=O)[C@H]4C[C@@H](O)CC[C@]4(C)[C@@]3(O)CC[C@]12C,CNP0472437.2,0.990889847278595,1.0,0.8278400897979736,0.9230942726135254,0.3933333333333333,86
456.62300000000033,3.7268000000000026,5,3,C[C@H]([C@H]1OC(C)(C)[C@@H](C)[C@@H]1O)[C@H]1C[C@@H](O)C2=C3C=CC4=CC(=O)CC[C@]4(C)[C@H]3C[C@@H](O)[C@@]21C,CNP0357281.1,0.9874716401100159,1.0,0.9985854625701904,0.99977046251297,0.39964122635355515,87
356.46200000000016,3.8102000000000027,3,1,C[C@H](C(=O)O)[C@H]1CC[C@H]2[C@@H]3C=CC4=CC(=O)CC[C@]4(C)[C@H]3CC(=O)[C@]12C,CNP0334249.3,0.9989973902702332,1.0,0.9992934465408325,0.9996776580810547,0.4120568335588633,88
414.4980000000002,3.950400000000003,6,2,CC(C)(O)[C@@H]1CC2=C(C=C3OC(C4(O)CCCC4)=CC(=O)C3=C2OC2CCCC2)O1,CNP0055969.1,0.998572587966919,1.0,0.9957333207130432,0.9924822449684143,0.32226761362783757,89
471.8970000000003,3.981100000000003,8,1,COC1=CC=C(C2=CC(C(=O)NC3=C4CCN(C)CC4=C(OC)C4=C3OCO4)=NO2)C=C1Cl,CNP0111849.0,0.9980395436286926,1.0,0.9997598528862,0.9998770952224731,0.5714872798434442,90
400.51200000000017,2.9212000000000007,6,2,CC[C@@H](O)C[C@H]1CC[C@@H]([C@H](C)C(=O)O[C@@H](C)C[C@@H]2CC[C@H]([C@@H](C)C(=O)O)O2)O1,CNP0280737.1,0.9999537467956543,1.0,0.9999418258666992,0.9994015693664551,0.48539016689219666,91
414.53900000000016,3.311300000000002,6,2,CC[C@H](O)C[C@@H]1CC[C@H]([C@H](C)C(=O)O[C@H](CC)C[C@@H]2CC[C@@H]([C@H](C)C(=O)O)O2)O1,CNP0348395.13,0.9997996687889099,1.0,0.9999775886535645,0.9994999170303345,0.4620568335588633,92
469.53800000000024,3.553600000000002,6,2,CCC(C)[C@H](NC(=O)N1CCC2=CC(OC)=C(OC)C=C2C1)C(=O)NC1=CC=C2OCOC2=C1,CNP0231015.1,0.0011730471160262823,1.0,0.015236610546708107,0.9992924928665161,0.4181539465101109,93
428.56600000000014,3.3997000000000024,7,1,CCOC(=O)[C@H](C)[C@H]1CC[C@@H](C[C@H](CC)OC(=O)[C@@H](C)[C@@H]2CC[C@H](C[C@@H](C)O)O2)O1,CNP0257376.1,0.9663614630699158,1.0,0.9999346733093262,0.9987779259681702,0.4220568335588633,94
490.7250000000004,4.436600000000004,5,4,CC(C)(O)[C@H]1CC[C@@](C)([C@H]2[C@@H](O)C[C@@]3(C)[C@@H]4C[C@H](O)[C@@H]5C(C)(C)[C@@H](O)CC[C@@]56C[C@@]46CC[C@]23C)O1,CNP0243356.9,0.9949350953102112,1.0,0.999362051486969,0.9976916313171387,0.3233333333333333,95
440.66500000000025,4.261900000000004,5,4,CC[C@H](CO)[C@H](O)C[C@H](O)[C@H](C)CC[C@H](C)CCC[C@]1(C)[C@@H](CC)C(=O)C=C[C@@]1(C)O,CNP0104178.2,0.9819289445877075,1.0,0.9552813172340393,0.9945017099380493,0.4,96
400.56700000000035,4.537000000000004,4,0,COCC(=O)N1C2=NC(C3CCCCC3)=NN2C2(CCCCC2)[C@@H]2CCCC[C@@H]21,CNP0504100.1,0.9999938011169434,1.0,0.996577799320221,0.9996939897537231,0.5930414180437958,97
490.6810000000004,4.339100000000004,6,3,CC(=O)O[C@H](CCC(C)(C)O)[C@@H](C)[C@H]1CC[C@@]2(O)C3=CC(=O)[C@H]4C[C@@H](O)CC[C@]4(C)[C@H]3CC[C@]12C,CNP0172462.1,0.9729462265968323,1.0,0.14858993887901306,0.9424265027046204,0.47,98
469.6230000000003,3.073800000000002,5,4,CCC(C)[C@H](NC(=O)OC(C)(C)C)C(=O)NC[C@H]1CC[C@H](C(=O)N[C@H](C(=O)O)C(C)C)CC1,CNP0318173.2,0.996482253074646,1.0,0.997913658618927,0.9998100399971008,0.5476238455079764,99
414.53900000000016,3.311300000000002,6,2,CC[C@H](O)C[C@@H]1CC[C@H]([C@H](C)C(=O)O[C@H](CC)C[C@@H]2CC[C@@H]([C@@H](C)C(=O)O)O2)O1,CNP0348395.12,0.9997996687889099,1.0,0.9999775886535645,0.9994999170303345,0.4620568335588633,100
