identifier,canonical_smiles,gnn_pretrain_prob,gnn_pretrain_pred,gnn_scratch_prob,gnn_scratch_pred,rf_prob,rf_pred
CNP0121132.3,CCCC[C@H](C)C[C@@H](C)C(=O)N1CCC[C@H]1C(=O)O[C@@H](C(=O)O[C@H](C(=O)O)[C@@H](C)CC)[C@@H](C)CC,1.0,1,1.0,1,0.3005132628809099,0
CNP0400611.1,CCOC(=O)[C@H](CC1=CNC2=CC=CC=C12)NS(=O)(=O)C1=CC=C(OC)C(N2C=NN=N2)=C1,1.0,1,1.0,1,0.570211038961039,1
CNP0121132.2,CCCCC(C)CC(C)C(=O)N1CCC[C@H]1C(=O)O[C@@H](C(=O)O[C@H](C(=O)O)[C@@H](C)CC)[C@@H](C)CC,1.0,1,1.0,1,0.3005132628809099,0
CNP0121132.1,CCCC[C@H](C)C[C@H](C)C(=O)N1CCC[C@H]1C(=O)O[C@@H](C(=O)O[C@H](C(=O)O)[C@@H](C)CC)[C@@H](C)CC,1.0,1,1.0,1,0.3005132628809099,0
CNP0400611.2,CCOC(=O)[C@@H](CC1=CNC2=CC=CC=C12)NS(=O)(=O)C1=CC=C(OC)C(N2C=NN=N2)=C1,1.0,1,1.0,1,0.570211038961039,1
CNP0051858.1,CCCOC1=C2C[C@@H](C(C)(C)O)OC2=CC2=C1C(=O)C=C(C1(O)CCCCC1)O2,1.0,1,1.0,1,0.3579932773109244,0
CNP0495417.1,O=C(C1=CC=CC(Cl)=C1)N1C2=NC=NN2C2(CCCCC2)[C@@H]2CCCC[C@@H]21,0.9999998807907104,1,1.0,1,0.356087912087912,0
CNP0515721.0,CCCCC1=NC2(CCCC2)C(=O)N1CC1=CC=C(C2=CC=CC=C2C2=NN=NN2)C=C1,0.9999998807907104,1,0.9999986886978148,1,0.395315233785822,0
CNP0054896.1,CCCOC1=C2C[C@@H](C(C)(C)O)OC2=CC2=C1C(=O)C=C(C1(O)CCCC1)O2,0.9999997615814208,1,1.0,1,0.3823266106442577,0
CNP0505565.2,CC[C@H](C)[C@H](NC(=O)OCC1=CC=CC=C1)C(=O)N[C@H](CC1=CC=CC=C1)C(=O)OC,0.9999995231628418,1,1.0,1,0.5385119047619048,1
CNP0505565.1,CC[C@H](C)[C@H](NC(=O)OCC1=CC=CC=C1)C(=O)N[C@@H](CC1=CC=CC=C1)C(=O)OC,0.9999995231628418,1,1.0,1,0.5385119047619048,1
CNP0505565.3,CC[C@H](C)[C@@H](NC(=O)OCC1=CC=CC=C1)C(=O)N[C@@H](CC1=CC=CC=C1)C(=O)OC,0.9999995231628418,1,1.0,1,0.5385119047619048,1
CNP0505565.4,CC[C@H](C)[C@@H](NC(=O)OCC1=CC=CC=C1)C(=O)N[C@H](CC1=CC=CC=C1)C(=O)OC,0.9999995231628418,1,1.0,1,0.5385119047619048,1
CNP0583797.0,O=C(O)C1=CC=CC(NS(=O)(=O)C2=CC=C(Cl)C(C(=O)NC3=CC=CC=C3C(=O)O)=C2)=C1,0.9999994039535522,1,0.9951887130737304,1,0.2851802641802642,0
CNP0482523.1,CC(C)(O)[C@@H]1OC(=O)C=C2[C@H](CC[C@@]3(C)[C@H]2CC[C@H]2CC4=C(NC5=CC=CC=C45)[C@@]23C)O1,0.9999994039535522,1,1.0,1,0.3329087583913671,0
CNP0514587.0,C=C(CCCC(C)COC(C)=O)C1=CC=C(C(=O)O)C=C1O,0.9999992847442628,1,1.0,1,0.3031080450282578,0
CNP0139856.3,CC(=O)OC[C@H](C)CCC[C@](C)(O)C1=CC=C(C(=O)O)C=C1O,0.999998927116394,1,1.0,1,0.3909302506004634,0
CNP0139856.1,CC(=O)OC[C@@H](C)CCC[C@](C)(O)C1=CC=C(C(=O)O)C=C1O,0.999998927116394,1,1.0,1,0.3909302506004634,0
CNP0139856.2,CC(=O)OC[C@@H](C)CCC[C@@](C)(O)C1=CC=C(C(=O)O)C=C1O,0.999998927116394,1,1.0,1,0.3909302506004634,0
CNP0089471.1,CCOC(=O)C1=C/C(=C\CN2C=CN=C2CC(C)C)C2=C(C=C3O[C@H](C(C)(C)O)CC3=C2OC)O1,0.9999988079071044,1,1.0,1,0.477957758907759,0
CNP0251916.2,COC(=O)[C@@H](CC1=CC=CC=C1)NC(=O)C1(N)CCCCC1,0.9999986886978148,1,0.9999998807907104,1,0.4762047952047951,0
CNP0366664.1,COC1=C2C[C@@H](C(C)(C)O)OC2=CC2=C1C(=O)C=C(C1(O)CCCCC1)O2,0.9999980926513672,1,1.0,1,0.322409943977591,0
CNP0348711.1,CCC[C@@H](O)C[C@H](SC[C@@H](C(=O)O)N(C)C(=O)CC(C)C)[C@H](C)O,0.999997854232788,1,0.9999996423721312,1,0.3961672061598532,0
CNP0341788.1,C[C@@H]1CCC[C@H](C)N1NC(=O)C1=CC=C(Cl)C(S(N)(=O)=O)=C1,0.9999977350234984,1,0.9999998807907104,1,0.4304350633027105,0
CNP0203298.4,NC1=NC(=O)N([C@H]2O[C@@H](CO)[C@H](O)[C@@H]2O)C=C1,0.999997615814209,1,0.99937903881073,1,0.5682553537623647,1
CNP0203298.9,NC1=NC(=O)N([C@@H]2O[C@@H](CO)[C@H](O)[C@H]2O)C=C1,0.999997615814209,1,0.99937903881073,1,0.5682553537623647,1
CNP0203298.6,NC1=NC(=O)N([C@H]2O[C@H](CO)[C@H](O)[C@H]2O)C=C1,0.999997615814209,1,0.99937903881073,1,0.5682553537623647,1
CNP0203298.5,NC1=NC(=O)N([C@H]2O[C@H](CO)[C@@H](O)[C@H]2O)C=C1,0.999997615814209,1,0.99937903881073,1,0.5682553537623647,1
CNP0203298.3,NC1=NC(=O)N([C@@H]2O[C@H](CO)[C@@H](O)[C@H]2O)C=C1,0.999997615814209,1,0.99937903881073,1,0.5682553537623647,1
CNP0203298.7,NC1=NC(=O)N([C@H]2O[C@H](CO)[C@@H](O)[C@@H]2O)C=C1,0.999997615814209,1,0.99937903881073,1,0.5682553537623647,1
CNP0203298.2,NC1=NC(=O)N([C@@H]2O[C@H](CO)[C@@H](O)[C@@H]2O)C=C1,0.999997615814209,1,0.99937903881073,1,0.5682553537623647,1
CNP0269774.1,N[C@@H](CSCS(=O)(=O)C[C@@H](O)C(=O)O)C(=O)O,0.999997615814209,1,0.9999994039535522,1,0.4083494425196552,0
CNP0203298.8,NC1=NC(=O)N([C@@H]2O[C@H](CO)[C@H](O)[C@H]2O)C=C1,0.999997615814209,1,0.99937903881073,1,0.5682553537623647,1
CNP0203298.10,NC1=NC(=O)N([C@@H]2O[C@H](CO)[C@H](O)[C@@H]2O)C=C1,0.999997615814209,1,0.99937903881073,1,0.5682553537623647,1
CNP0548411.1,NC1=NC=NC2=C1N=C(NCC1=CC=C(Cl)C(Cl)=C1)N2[C@@H]1O[C@H](CO)[C@@H](O)[C@H]1O,0.99999737739563,1,0.9999997615814208,1,0.3152166139074483,0
CNP0594921.1,O=C(O)C1=CC=C(NC(=O)[C@H](CC2=CC=C(O)C=C2)NC(=O)C2=CC=CC=C2)C=C1,0.9999971389770508,1,0.9999982118606568,1,0.4252216117216117,0
CNP0269420.2,CCOC(=O)[C@H](CC1=CC=C(O)C=C1)NC(=O)OCC1=CC=CC=C1,0.9999971389770508,1,0.9999997615814208,1,0.5038026695526695,1
CNP0269420.1,CCOC(=O)[C@@H](CC1=CC=C(O)C=C1)NC(=O)OCC1=CC=CC=C1,0.9999971389770508,1,0.9999997615814208,1,0.5038026695526695,1
CNP0332537.0,O=C(NCC1(C2=CC=C(Cl)C=C2)CCCCC1)C1=CC=CC2=NC(CSC3=NNN=N3)=CN12,0.9999971389770508,1,0.0411980301141738,0,0.4211037157287158,0
CNP0536941.1,COCC(=O)N1C2=NC(C3=CC=C(Cl)C=C3)=NN2C2(CCCCC2)[C@@H]2CCCC[C@@H]21,0.9999966621398926,1,1.0,1,0.4746733723792547,0
CNP0514442.2,COC1=CC=C(C(=O)N[C@H](CC2=CC=CC=C2)C(=O)OCC(=O)C2=CC=C(Cl)C=C2)C=C1OC,0.999996542930603,1,0.9999884366989136,1,0.5293228021978023,1
CNP0514442.1,COC1=CC=C(C(=O)N[C@@H](CC2=CC=CC=C2)C(=O)OCC(=O)C2=CC=C(Cl)C=C2)C=C1OC,0.999996542930603,1,0.9999884366989136,1,0.5293228021978023,1
CNP0516641.0,O=C(C1=NC(O)=C(C=C2C=NC3=CC(O)=CC=C23)N1)C1=CNC2=CC=C(Br)C=C12,0.999996542930603,1,0.9999998807907104,1,0.3283531746031745,0
CNP0378816.1,NC1=NC2=C(N=C(SC/C=C/C3=CC=CC=C3)N2[C@@H]2O[C@H](CO)[C@@H](O)[C@H]2O)C(=O)N1,0.9999955892562866,1,0.9999862909317015,1,0.4413564213564214,0
CNP0545782.0,CCCCC(CC(C)CC)C(=O)O,0.9999955892562866,1,1.0,1,0.3752194003107316,0
CNP0171574.0,COC1=C2CN(C)CCC2=C(S(=O)(=O)NCCC2=CNC3=CC=C(Cl)C=C23)C2=C1OCO2,0.9999953508377076,1,1.0,1,0.3850785031961502,0
CNP0540624.0,CCC(C)CCC(N)C(O)C(=O)NC(CC(C)C)C(=O)N1CCCC1C(=O)N1CCCC1C(=O)O,0.999995231628418,1,1.0,1,0.4570248068924539,0
CNP0406772.1,CCCOC1=C2C[C@@H](C(C)(C)O)OC2=CC2=C1/C(=C/CN1C=CN=C1)C=C(C(=O)OCC)O2,0.999995231628418,1,1.0,1,0.5317690179101946,1
CNP0455689.1,CC[C@H](C)[C@H](NC(=O)[C@@H](N)[C@@H](C)O)C(=O)O,0.9999949932098388,1,1.0,1,0.4315530564207034,0
CNP0015414.1,CC(C)CS(=O)(=O)N[C@H](C)C1=C(C(=O)O)C(C2=CC=C(Cl)C=C2)=NO1,0.9999945163726808,1,1.0,1,0.488601396969044,0
CNP0542698.1,CCCCC(=O)N(CC1=CC=C(C2=CC=CC=C2C2=NN=NN2)C=C1)[C@H](C(=O)O)C(C)C,0.9999945163726808,1,1.0,1,0.4157645622351505,0
CNP0283120.1,CCCC(=O)[C@H](C)NC(=O)CC[C@H](N)C(=O)O,0.999994158744812,1,1.0,1,0.3464629230922334,0
CNP0504100.1,COCC(=O)N1C2=NC(C3CCCCC3)=NN2C2(CCCCC2)[C@@H]2CCCC[C@@H]21,0.9999938011169434,1,1.0,1,0.4436629106187929,0
CNP0386258.1,NC1=NC2=C(N=C(SCC3=CC=C(Cl)C(Cl)=C3)N2[C@@H]2O[C@H](CO)[C@@H](O)[C@H]2O)C(=O)N1,0.9999936819076538,1,0.9999905824661256,1,0.3503451690153817,0
CNP0377394.1,NC1=NC2=C(N=C(SCC3=CC=C(Cl)C=C3Cl)N2[C@@H]2O[C@H](CO)[C@@H](O)[C@H]2O)C(=O)N1,0.999992847442627,1,0.9999936819076538,1,0.4080402239604367,0
CNP0364275.1,COC(=O)[C@@H](CC1=CC=CC=C1)NC(=O)C1(NC(=O)OC(C)(C)C)CCCCC1,0.999991536140442,1,0.9999996423721312,1,0.5382579365079364,1
CNP0071015.0,COC(=O)C(CC1=CC=C(O)C=C1)NC(=O)C1=CC=CC=C1,0.9999912977218628,1,0.9996675252914428,1,0.4197063492063491,0
CNP0513120.1,CC[C@H](C)[C@H](NC(C)=O)C(=O)N(C)[C@@H](CC1=CC=C(O)C=C1)C(=O)N/C=C/C1=CNC2=CC=CC=C12,0.999990701675415,1,0.9999998807907104,1,0.4264415584415584,0
CNP0513120.2,CC[C@H](C)[C@H](NC(C)=O)C(=O)N(C)[C@@H](CC1=CC=C(O)C=C1)C(=O)N/C=C\C1=CNC2=CC=CC=C12,0.999990701675415,1,0.9999998807907104,1,0.4264415584415584,0
CNP0009854.1,COC(=O)[C@@H](CC1=CC=C(O)C=C1)NC(=O)[C@@H](NC(=O)OCC1=CC=CC=C1)C(C)C,0.9999902248382568,1,1.0,1,0.4488809523809524,0
CNP0009854.2,COC(=O)[C@H](CC1=CC=C(O)C=C1)NC(=O)[C@@H](NC(=O)OCC1=CC=CC=C1)C(C)C,0.9999902248382568,1,1.0,1,0.4488809523809524,0
CNP0009854.3,COC(=O)[C@@H](CC1=CC=C(O)C=C1)NC(=O)[C@H](NC(=O)OCC1=CC=CC=C1)C(C)C,0.9999902248382568,1,1.0,1,0.4488809523809524,0
CNP0009854.4,COC(=O)[C@H](CC1=CC=C(O)C=C1)NC(=O)[C@H](NC(=O)OCC1=CC=CC=C1)C(C)C,0.9999902248382568,1,1.0,1,0.4488809523809524,0
CNP0093426.1,CCCOC1=C2C[C@@H](C(C)(C)O)OC2=CC2=C1/C(=C/CC(C)C)C=C(C(=O)OCC)O2,0.9999895095825196,1,1.0,1,0.4325890997890998,0
CNP0015691.1,CCCS(=O)(=O)NC1=CC=C2[C@@H]3C[C@@H](CN(C(=O)C4=CC=CC(C(=O)O)=C4)C3)CN2C1=O,0.9999887943267822,1,0.9999998807907104,1,0.37404662004662,0
CNP0060524.4,COC(=O)CC[C@H](C)[C@H]1CC[C@@H]2[C@H]3C(=O)C[C@@H]4CCCC[C@]4(C)[C@H]3CC(=O)[C@@]21C,0.9999881982803344,1,1.0,1,0.393296176046176,0
CNP0060524.3,COC(=O)CC[C@H](C)[C@H]1CC[C@@H]2[C@H]3C(=O)C[C@@H]4CCCC[C@]4(C)[C@@H]3CC(=O)[C@@]21C,0.9999881982803344,1,1.0,1,0.393296176046176,0
CNP0060524.2,COC(=O)CC[C@H](C)[C@H]1CC[C@H]2[C@H]3C(=O)C[C@@H]4CCCC[C@]4(C)[C@@H]3CC(=O)[C@]12C,0.9999881982803344,1,1.0,1,0.393296176046176,0
CNP0060524.1,COC(=O)CC[C@H](C)[C@H]1CC[C@H]2[C@H]3C(=O)C[C@@H]4CCCC[C@]4(C)[C@H]3CC(=O)[C@]12C,0.9999881982803344,1,1.0,1,0.393296176046176,0
CNP0375303.3,CC1(CN2C=CN=N2)[C@H](C(=O)O)N2C(=O)C[C@H]2S1(=O)=O,0.9999871253967284,1,0.9999991655349731,1,0.2816407881334351,0
CNP0375303.4,C[C@@]1(CN2C=CN=N2)[C@H](C(=O)O)N2C(=O)C[C@H]2S1(=O)=O,0.9999871253967284,1,0.9999991655349731,1,0.2816407881334351,0
CNP0375303.2,C[C@]1(CN2C=CN=N2)[C@H](C(=O)O)N2C(=O)C[C@H]2S1(=O)=O,0.9999871253967284,1,0.9999991655349731,1,0.2816407881334351,0
CNP0237913.1,CC(=O)OC[C@@H](C)CCC[C@@](C)(O)C1=CC=C(C(=O)O)C=C1,0.9999865293502808,1,0.9999994039535522,1,0.3350477703356301,0
CNP0416647.1,CC[C@@H](C)[C@H](NC(C)=O)C(=O)N(C)[C@H](CC1=CC=C(O)C=C1)C(=O)N[C@@H](CC(C)C)C(=O)OC,0.9999864101409912,1,1.0,1,0.4298004201680673,0
CNP0140968.1,C[C@@H](NS(=O)(=O)C1=CC=CC=C1)C1=C(C(=O)O)C(C2=CC=C(Cl)C=C2)=NO1,0.9999852180480956,1,0.9999183416366576,1,0.3411022588522587,0
CNP0380396.1,NC1=NC2=C(N=C(SCC3=CC=C(Cl)C=C3)N2[C@@H]2O[C@H](CO)[C@@H](O)[C@H]2O)C(=O)N1,0.9999850988388062,1,0.9998005032539368,1,0.3280185152769634,0
CNP0573852.1,C[C@@H](NC(=O)[C@H](CC1=CC=CC=C1)NC(=O)OCC1=CC=CC=C1)C(=O)CCO,0.9999849796295166,1,1.0,1,0.583427183927184,1
CNP0495632.1,CCCC1=NN2C(=N1)N(C(=O)COC)[C@H]1CCCC[C@H]1C21CCCCC1,0.999984622001648,1,0.9999998807907104,1,0.4561110474492827,0
CNP0152826.1,CC1=C(C(=O)O)N2C(=O)[C@@H](NC(=O)[C@H](N)C3=CC=CC(NS(C)(=O)=O)=C3)[C@H]2SC1,0.9999836683273317,1,0.9993076324462892,1,0.3700727883227883,0
CNP0152826.2,CC1=C(C(=O)O)N2C(=O)[C@@H](NC(=O)[C@@H](N)C3=CC=CC(NS(C)(=O)=O)=C3)[C@H]2SC1,0.9999836683273317,1,0.9993076324462892,1,0.3700727883227883,0
CNP0192527.1,COC[C@H]1CCCN1C(=O)C1=C([C@H](C)O)ON=C1C1=CC=C(Cl)C=C1,0.9999831914901732,1,1.0,1,0.4957253710341945,0
CNP0540071.1,O=C(C1=CC=CC=C1Cl)N1C2=NC=NN2C2(CCCCC2)[C@@H]2CCCC[C@@H]21,0.9999831914901732,1,0.9999998807907104,1,0.3326082251082251,0
CNP0296954.0,COC1=CC=C(S(=O)(=O)NC2=CC=C(C(=O)NCC(=O)O)C=C2)C=C1N1C=NN=N1,0.9999829530715942,1,0.9999954700469972,1,0.3915611471861471,0
CNP0596384.1,O=C(O)C1=CC(O)=NC(=O)N1[C@@H]1O[C@H](CO)[C@@H](O)[C@H]1O,0.99998140335083,1,0.9999582767486572,1,0.3646047555385789,0
CNP0156814.0,CSC1=NC(=O)C2(CCCCC2)N1,0.9999808073043824,1,0.9999924898147584,1,0.2716976221178349,0
CNP0325258.1,CC1CCN(C2=NC3=C(N=C(N)NC3=O)N2[C@@H]2O[C@H](CO)[C@@H](O)[C@H]2O)CC1,0.9999788999557496,1,0.9999971389770508,1,0.4839933261183262,0
CNP0074707.2,C[C@H](O)[C@@H]1C(=O)N2C(C(=O)O)=C(S[C@@H]3CN[C@H](CNS(N)(=O)=O)C3)[C@@H](C)[C@@H]12,0.99997878074646,1,0.9999990463256836,1,0.424777023272236,0
CNP0074707.1,C[C@@H](O)[C@H]1C(=O)N2C(C(=O)O)=C(S[C@@H]3CN[C@H](CNS(N)(=O)=O)C3)[C@H](C)[C@H]12,0.99997878074646,1,0.9999990463256836,1,0.424777023272236,0
CNP0481584.1,COC1=CC=C(C(=O)N[C@H](CC2=CC=CC=C2)C(=O)OCC(=O)C2=CC=C(C)C=C2)C=C1OC,0.9999774694442748,1,0.9999736547470092,1,0.5596150793650794,1
CNP0481584.2,COC1=CC=C(C(=O)N[C@@H](CC2=CC=CC=C2)C(=O)OCC(=O)C2=CC=C(C)C=C2)C=C1OC,0.9999774694442748,1,0.9999736547470092,1,0.5596150793650794,1
CNP0254532.1,CC(C)(O)[C@@H]1CO[C@@](C)([C@H]2[C@@H](O)C[C@@]3(C)[C@@H]4C[C@H](O)[C@H]5C(C)(C)[C@@H](O)CC[C@@]56C[C@@]46CC[C@]23C)C1,0.9999761581420898,1,1.0,1,0.4334442585192585,0
CNP0051199.0,NC1=NC=NC2=C1N=C(Cl)N2C1OC(CO)C(O)C1O,0.999975562095642,1,0.9999830722808838,1,0.3737258783358305,0
CNP0015768.1,O=C(O)C1=CC=CC(C(=O)N2C[C@@H]3C[C@H](C2)C2=CC=C(NS(=O)(=O)C4=CC=CC=C4)C(=O)N2C3)=C1,0.9999741315841676,1,0.9997431635856628,1,0.3206021756021756,0
CNP0411958.1,CCOC(=O)[C@H](CC1=CC=C(O)C=C1)NC(C)=O,0.9999700784683228,1,0.9999977350234984,1,0.5340980392156862,1
CNP0412516.1,NC1=NC2=C(N=C(N3CCCCC3)N2[C@@H]2O[C@H](CO)[C@@H](O)[C@H]2O)C(=O)N1,0.9999693632125854,1,0.9999979734420776,1,0.4302208747135218,0
CNP0277815.3,COC(=O)[C@@H](CC1=CC=C(O)C=C1)NC(=O)[C@@H](CCSC)NC(=O)OCC1=CC=CC=C1,0.9999691247940063,1,0.9999997615814208,1,0.538809635104848,1
CNP0277815.4,COC(=O)[C@H](CC1=CC=C(O)C=C1)NC(=O)[C@H](CCSC)NC(=O)OCC1=CC=CC=C1,0.9999691247940063,1,0.9999997615814208,1,0.538809635104848,1
CNP0277815.1,COC(=O)[C@H](CC1=CC=C(O)C=C1)NC(=O)[C@@H](CCSC)NC(=O)OCC1=CC=CC=C1,0.9999691247940063,1,0.9999997615814208,1,0.538809635104848,1
CNP0277815.2,COC(=O)[C@@H](CC1=CC=C(O)C=C1)NC(=O)[C@H](CCSC)NC(=O)OCC1=CC=CC=C1,0.9999691247940063,1,0.9999997615814208,1,0.538809635104848,1
CNP0289449.3,CCCC[S@](=N)(=O)CC[C@H](N)C(=O)O,0.9999653100967408,1,0.9999699592590332,1,0.420557685778274,0
CNP0289449.4,CCCC[S@@](=N)(=O)CC[C@H](N)C(=O)O,0.9999653100967408,1,0.9999699592590332,1,0.420557685778274,0
CNP0289449.2,CCCC[S@@](=N)(=O)CC[C@@H](N)C(=O)O,0.9999653100967408,1,0.9999699592590332,1,0.420557685778274,0
CNP0289449.1,CCCC[S@](=N)(=O)CC[C@@H](N)C(=O)O,0.9999653100967408,1,0.9999699592590332,1,0.420557685778274,0
CNP0049127.3,N#CC1=CN([C@H]2O[C@@H](CO)[C@@H](O)[C@@H]2O)C(=O)N=C1N,0.9999642372131348,1,0.9949264526367188,1,0.474701783360597,0
CNP0049127.4,N#CC1=CN([C@@H]2O[C@@H](CO)[C@@H](O)[C@@H]2O)C(=O)N=C1N,0.9999642372131348,1,0.9949264526367188,1,0.474701783360597,0
CNP0049127.1,N#CC1=CN([C@H]2O[C@@H](CO)[C@@H](O)[C@H]2O)C(=O)N=C1N,0.9999642372131348,1,0.9949264526367188,1,0.474701783360597,0
CNP0049127.2,N#CC1=CN([C@@H]2O[C@@H](CO)[C@@H](O)[C@H]2O)C(=O)N=C1N,0.9999642372131348,1,0.9949264526367188,1,0.474701783360597,0
CNP0530722.1,CCC1=NN2C(=N1)N(C(=O)COC)[C@H]1CCCC[C@H]1C21CCCCC1,0.999963879585266,1,0.9999998807907104,1,0.4711052754435107,0
CNP0091041.1,CC(=O)OCC[C@H](NC(=O)[C@@H](CC1=CC=C(O)C=C1)NC(=O)C1=CC=CC=C1)C1=CC=C(O)C=C1,0.9999631643295288,1,0.9999723434448242,1,0.4260555555555555,0
CNP0479072.0,COC(=O)C(CC1=CC=CC=C1)NC(=O)CCC1N=C(O)C2=CC=CC=C2N=C1O,0.9999628067016602,1,0.9999977350234984,1,0.4848886554621848,0
CNP0071338.1,CC(C)(O)[C@@H]1OC(=O)C=C2[C@H](CC[C@@]3(C)[C@@]2(O)CC[C@H]2CC4=C(NC5=CC=CC=C45)[C@@]23C)O1,0.9999626874923706,1,0.9999997615814208,1,0.4235314383933574,0
CNP0316200.1,CC[C@H](C)[C@H](O)[C@@](C)(O)[C@H](O)[C@@H](C)C(=O)O,0.9999619722366332,1,1.0,1,0.2822922587892162,0
CNP0227121.2,CO[C@](C)(CCCC(C)C)C1=CC=C(C(=O)O)C=C1O,0.9999614953994752,1,0.9999961853027344,1,0.3507177489177489,0
CNP0227121.1,CO[C@@](C)(CCCC(C)C)C1=CC=C(C(=O)O)C=C1O,0.9999614953994752,1,0.9999961853027344,1,0.3507177489177489,0
CNP0582554.1,O=C(NC1=CC=CC(Cl)=C1)[C@H]1SC2=NN=C(C3=CC=CC=C3)N2NC12CCCCC2,0.9999608993530272,1,0.9999934434890748,1,0.367005559852334,0
CNP0582554.2,O=C(NC1=CC=CC(Cl)=C1)[C@@H]1SC2=NN=C(C3=CC=CC=C3)N2NC12CCCCC2,0.9999608993530272,1,0.9999934434890748,1,0.367005559852334,0
