identifier,canonical_smiles,gnn_best_prob,gnn_best_pred,gnn_best_prob_cal
CNP0530722.1,CCC1=NN2C(=N1)N(C(=O)COC)[C@H]1CCCC[C@H]1C21CCCCC1,0.9995393753051758,1,0.999
CNP0590035.3,CC[C@@H](C)[C@H](NC(=O)OCC1=CC=CC=C1)C(=O)NC1=CC=C(C)C=C1C,0.9998119473457336,1,0.999
CNP0590035.2,CC[C@H](C)[C@@H](NC(=O)OCC1=CC=CC=C1)C(=O)NC1=CC=C(C)C=C1C,0.9998119473457336,1,0.999
CNP0121132.2,CCCCC(C)CC(C)C(=O)N1CCC[C@H]1C(=O)O[C@@H](C(=O)O[C@H](C(=O)O)[C@@H](C)CC)[C@@H](C)CC,0.9999297857284546,1,0.999
CNP0462039.2,COC(=O)[C@@H](CCSC)NS(=O)(=O)C1=CC(C)=CC(C)=C1,0.9996188879013062,1,0.999
CNP0064351.2,CC[C@H](C)[C@H](NC(=O)OC(C)(C)C)C(=O)N[C@@H](CCSC)C(=O)OC,0.9999691247940063,1,0.999
CNP0416647.1,CC[C@@H](C)[C@H](NC(C)=O)C(=O)N(C)[C@H](CC1=CC=C(O)C=C1)C(=O)N[C@@H](CC(C)C)C(=O)OC,0.9996368885040284,1,0.999
CNP0064351.3,CC[C@@H](C)[C@H](NC(=O)OC(C)(C)C)C(=O)N[C@@H](CCSC)C(=O)OC,0.9999691247940063,1,0.999
CNP0064351.4,CC[C@@H](C)[C@@H](NC(=O)OC(C)(C)C)C(=O)N[C@@H](CCSC)C(=O)OC,0.9999691247940063,1,0.999
CNP0105105.1,COC(=O)[C@H](CC1=CC=CC=C1)NC(=O)[C@H](NC(=O)OCC1=CC=CC=C1)C(C)C,0.9998276233673096,1,0.999
CNP0064982.2,CC[C@H](C)[C@@H](C(=O)O)N(C)C(=O)OCC1=CC=CC=C1,0.9998375177383424,1,0.999
CNP0388526.6,CC[C@@H](C)[C@H](NC(=O)[C@H]1CC[C@H](CNC(=O)[C@H](C)N)CC1)C(=O)O,0.999545156955719,1,0.999
CNP0467407.1,CCOC(=O)[C@@H](NS(=O)(=O)C1=CC=C(C)C=C1)[C@@H](C)O,0.9993005990982056,1,0.999
CNP0071052.0,CCC(C)C(NS(=O)(=O)C1=CC=C(C)C=C1)C(=O)O,0.9998947381973268,1,0.999
CNP0251916.2,COC(=O)[C@@H](CC1=CC=CC=C1)NC(=O)C1(N)CCCCC1,0.999848246574402,1,0.999
CNP0602747.1,CCOC(=O)[C@H](CC1=CNC2=CC=CC=C12)NS(=O)(=O)C1=CC=C(Cl)C=C1,0.9997734427452089,1,0.999
CNP0462039.1,COC(=O)[C@H](CCSC)NS(=O)(=O)C1=CC(C)=CC(C)=C1,0.9996188879013062,1,0.999
CNP0139226.4,CC[C@H](C)[C@H](NC(=O)OC(C)(C)C)C(=O)NC[C@H]1CC[C@H](C(=O)N[C@@H](C)C(=O)O)CC1,0.9992755055427552,1,0.999
CNP0388526.3,CC[C@H](C)[C@H](NC(=O)[C@H]1CC[C@H](CNC(=O)[C@@H](C)N)CC1)C(=O)O,0.999545156955719,1,0.999
CNP0226640.2,CC[C@H](C)[C@H](NC(=O)CN1C=NC2=CC(OC)=C(OC)C=C2C1=O)C(=O)N[C@H](C)CCCC(C)C,0.9995993971824646,1,0.999
CNP0391349.1,CCC(C)[C@H](NC(=O)N1CCN2C1=NC1=CC=CC=C12)C(=O)N[C@H](C)C(=O)O,0.9996955394744872,1,0.999
CNP0391621.1,CCC(C)[C@H](NC(=O)N1CCN2C1=NC1=CC=CC=C12)C(=O)N[C@@H](CCSC)C(=O)O,0.999657154083252,1,0.999
CNP0561362.0,CS(=O)(=O)N1CCC2=C(C3=CNC(=N)N=C3)N=C(N3CCOCC3)N=C21,0.9997527003288268,1,0.999
CNP0346181.6,CCOC(=O)[C@@H](CC1=CNC2=CC=CC=C12)NS(=O)(=O)C[C@]12CC[C@H](CC1=O)C2(C)C,0.999697208404541,1,0.999
CNP0536941.1,COCC(=O)N1C2=NC(C3=CC=C(Cl)C=C3)=NN2C2(CCCCC2)[C@@H]2CCCC[C@@H]21,0.9996178150177002,1,0.999
CNP0389017.5,CC[C@@H](C)[C@H](NC(=O)[C@H]1CC[C@H](CNC(=O)[C@@H](NC(=O)OC(C)(C)C)[C@H](C)CC)CC1)C(=O)O,0.9993353486061096,1,0.999
CNP0391349.2,CCC(C)[C@H](NC(=O)N1CCN2C1=NC1=CC=CC=C12)C(=O)N[C@@H](C)C(=O)O,0.9996955394744872,1,0.999
CNP0248084.0,CCOC(=O)C(CC1=CC=CC=C1)NC(C)=O,0.9994756579399108,1,0.999
CNP0391334.2,CC[C@@H](C)[C@H](NC(=O)N1CCN2C1=NC1=CC=CC=C12)C(=O)N[C@H](C(=O)O)[C@@H](C)CC,0.9993847608566284,1,0.999
CNP0186109.0,COC1=CC(C(CC(=O)NCCS(=O)(=O)N(C)C)C2=C(O)C(=O)C=C(C)O2)=CC=C1O,0.9993265867233276,1,0.999
CNP0218334.1,CC[C@H](C)[C@@H](NC)C(=O)O,0.9997687935829164,1,0.999
CNP0391334.3,CC[C@@H](C)[C@H](NC(=O)[C@@H](NC(=O)N1CCN2C1=NC1=CC=CC=C12)[C@@H](C)CC)C(=O)O,0.9993847608566284,1,0.999
CNP0201888.2,CC1=CC=C(S(=O)(=O)NC2(C(=O)N[C@@H](C)C(=O)OC(C)(C)C)CCCCC2)C=C1,0.9997404217720032,1,0.999
CNP0505565.1,CC[C@H](C)[C@H](NC(=O)OCC1=CC=CC=C1)C(=O)N[C@@H](CC1=CC=CC=C1)C(=O)OC,0.9999982118606568,1,0.999
CNP0105423.1,COC(=O)[C@@H](CC1=CNC2=CC=CC=C12)NC(=O)C1CCCN(S(=O)(=O)C2=CC=C(C)C=C2)C1,0.999562442302704,1,0.999
CNP0139226.2,CCC(C)[C@H](NC(=O)OC(C)(C)C)C(=O)NC[C@H]1CC[C@H](C(=O)N[C@H](C)C(=O)O)CC1,0.9992755055427552,1,0.999
CNP0358241.1,CC[C@@H](C)[C@H](NC(=O)CC1=CC=C2OC(C)(C)CCC2=C1)C(=O)O,0.9993582367897034,1,0.999
CNP0259185.1,CCC(C)C(=O)OCC1=CC(=O)C2=C(OC)C3=C(C=C2O1)O[C@H](C(C)(C)O)C3,0.9996482133865356,1,0.999
CNP0396505.0,COC1=CC2=C(C=C1OC)C1=C(C2)C(C(=O)NC2=CC=C(C(=O)O)C=C2)=NN1C,0.9992917776107788,1,0.999
CNP0141832.1,CC[C@H](C)[C@H](NC(=O)[C@H](CC1=CC=CC=C1)NC(=O)CC(C)C)C(=O)N[C@H](CO)CC1=CC=CC=C1,0.99937242269516,1,0.999
CNP0596711.1,CCC(C)[C@H](NC(=O)N1CC(O)=NC2=CC=CC=C21)C(=O)N[C@H](C)C(=O)O,0.9993119239807128,1,0.999
CNP0368271.0,COC(=O)C(CC1=CNC2=CC=CC=C12)NC(=O)C(NC(=O)OCC1=CC=CC=C1)C(C)C,0.9999067783355712,1,0.999
CNP0378642.1,CCC(C)[C@H](NC(=O)NC(C)CCCC(C)C)C(=O)O,0.999541163444519,1,0.999
CNP0505565.2,CC[C@H](C)[C@H](NC(=O)OCC1=CC=CC=C1)C(=O)N[C@H](CC1=CC=CC=C1)C(=O)OC,0.9999982118606568,1,0.999
CNP0381754.1,CCC(C)[C@H](NS(=O)(=O)C1=CC=C(C)C=C1)C(=O)N1CCC(C(=O)N[C@H](C(=O)O)C(C)O)CC1,0.9996658563613892,1,0.999
CNP0391334.5,CC[C@@H](C)[C@H](NC(=O)[C@@H](NC(=O)N1CCN2C1=NC1=CC=CC=C12)[C@H](C)CC)C(=O)O,0.9993847608566284,1,0.999
CNP0556448.1,CC[C@H](C)[C@H](NC(=O)CC1(C2=C(O)C(=O)C=C(C)O2)CCCCC1)C(N)=O,0.9997244477272034,1,0.999
CNP0341788.1,C[C@@H]1CCC[C@H](C)N1NC(=O)C1=CC=C(Cl)C(S(N)(=O)=O)=C1,0.9996157884597778,1,0.999
CNP0590035.4,CC[C@H](C)[C@H](NC(=O)OCC1=CC=CC=C1)C(=O)NC1=CC=C(C)C=C1C,0.9998119473457336,1,0.999
CNP0277815.4,COC(=O)[C@H](CC1=CC=C(O)C=C1)NC(=O)[C@H](CCSC)NC(=O)OCC1=CC=CC=C1,0.9992857575416564,1,0.999
CNP0295441.1,CC[C@H](C)[C@H](C(=O)OC)[C@@H](O)C(=O)N[C@H]1C[C@@H]1C[C@H](NC(=O)[C@H](C)N)C(=O)O,0.9993122816085817,1,0.999
CNP0391349.5,CC[C@H](C)[C@H](NC(=O)N1CCN2C1=NC1=CC=CC=C12)C(=O)N[C@H](C)C(=O)O,0.9996955394744872,1,0.999
CNP0382002.1,CCC(C)[C@H](NS(=O)(=O)C1=CC=C(C)C=C1)C(=O)N1CCC(C(=O)N(C)CC(=O)O)CC1,0.9996914863586426,1,0.999
CNP0381754.3,CC[C@H](C)[C@H](NS(=O)(=O)C1=CC=C(C)C=C1)C(=O)N1CCC(C(=O)N[C@H](C(=O)O)[C@H](C)O)CC1,0.9996658563613892,1,0.999
CNP0364275.1,COC(=O)[C@@H](CC1=CC=CC=C1)NC(=O)C1(NC(=O)OC(C)(C)C)CCCCC1,0.9996044039726256,1,0.999
CNP0382002.2,CC[C@@H](C)[C@H](NS(=O)(=O)C1=CC=C(C)C=C1)C(=O)N1CCC(C(=O)N(C)CC(=O)O)CC1,0.9996914863586426,1,0.999
CNP0010023.1,CCOC(=O)[C@H](CC1=CNC2=CC=CC=C12)NS(=O)(=O)C1=CC=C(C)C=C1,0.9995172023773192,1,0.999
CNP0334301.1,CC[C@H](C)[C@H](NC(=O)CC(C1=CC=C(OC)C=C1)C1=CC2=C(C=C1O)OCO2)C(N)=O,0.9994394183158876,1,0.999
CNP0121508.1,CC1=CC=C(S(=O)(=O)N[C@@H](C(=O)OCC2=CC=CC=C2)C2=CC=CC=C2)C=C1,0.999491572380066,1,0.999
CNP0144997.0,COC(=O)C(CC1=CNC2=CC=CC=C12)NC(=O)C(CCSC)NC(=O)OCC1=CC=CC=C1,0.9993457198143004,1,0.999
CNP0226640.3,CC[C@@H](C)[C@H](NC(=O)CN1C=NC2=CC(OC)=C(OC)C=C2C1=O)C(=O)N[C@H](C)CCCC(C)C,0.9995993971824646,1,0.999
CNP0600493.1,CCC1=NN2C(=N1)N(C(=O)C1CC1)[C@H]1CCCC[C@H]1C21CCCCC1,0.9994409680366516,1,0.999
CNP0175160.2,CC[C@@H](C)[C@H](NC(=O)C1=CC2=CC(Cl)=CC=C2N1C)C(=O)N[C@@H](C)C(=O)O,0.9999061822891236,1,0.999
CNP0389108.2,CC[C@H](C)[C@H](NC(=O)OC(C)(C)C)C(=O)NC[C@H]1CC[C@H](C(=O)N2CCC[C@H]2C(=O)O)CC1,0.999366581439972,1,0.999
CNP0105105.2,COC(=O)[C@@H](CC1=CC=CC=C1)NC(=O)[C@@H](NC(=O)OCC1=CC=CC=C1)C(C)C,0.9998276233673096,1,0.999
CNP0590443.0,CCN(CC)S(=O)(=O)C1=CC(C(=O)O)=CC=C1OC,0.9993523955345154,1,0.999
CNP0505565.4,CC[C@H](C)[C@@H](NC(=O)OCC1=CC=CC=C1)C(=O)N[C@H](CC1=CC=CC=C1)C(=O)OC,0.9999982118606568,1,0.999
CNP0226640.1,CCC(C)[C@H](NC(=O)CN1C=NC2=CC(OC)=C(OC)C=C2C1=O)C(=O)NC(C)CCCC(C)C,0.9995993971824646,1,0.999
CNP0346181.1,CCOC(=O)[C@@H](CC1=CNC2=CC=CC=C12)NS(=O)(=O)C[C@@]12CC[C@@H](CC1=O)C2(C)C,0.999697208404541,1,0.999
CNP0373511.1,CC[C@H](C)[C@H](NC(=O)CN)C(=O)N[C@@H](C)C(=O)O,0.999498724937439,1,0.999
CNP0400611.2,CCOC(=O)[C@@H](CC1=CNC2=CC=CC=C12)NS(=O)(=O)C1=CC=C(OC)C(N2C=NN=N2)=C1,0.9999386072158812,1,0.999
CNP0483201.1,COC[C@@H]1C[C@H](N2C=C(NS(C)(=O)=O)C=N2)CN1CC1=CN=CN=C1,0.9993818998336792,1,0.999
CNP0381754.5,CC[C@H](C)[C@H](NS(=O)(=O)C1=CC=C(C)C=C1)C(=O)N1CCC(C(=O)N[C@H](C(=O)O)[C@@H](C)O)CC1,0.9996658563613892,1,0.999
CNP0389017.3,CC[C@@H](C)[C@H](NC(=O)[C@H]1CC[C@@H](CNC(=O)[C@@H](NC(=O)OC(C)(C)C)[C@@H](C)CC)CC1)C(=O)O,0.9993353486061096,1,0.999
CNP0520607.1,CCC(C)[C@H](NC(=O)[C@H]1CC[C@H](CNC(=O)[C@@H](N)CCSC)CC1)C(=O)O,0.9994692206382751,1,0.999
CNP0590035.1,CC[C@@H](C)[C@@H](NC(=O)OCC1=CC=CC=C1)C(=O)NC1=CC=C(C)C=C1C,0.9998119473457336,1,0.999
CNP0525368.1,CCCC1=NN2C(=N1)N(C(=O)C1CC1)[C@H]1CCCC[C@H]1C21CCCCC1,0.9994357228279114,1,0.999
CNP0388526.2,CCC(C)[C@H](NC(=O)[C@H]1CC[C@H](CNC(=O)[C@H](C)N)CC1)C(=O)O,0.999545156955719,1,0.999
CNP0553473.4,CCC(C)[C@H](NC(=O)[C@H](CC1=CC=CC=C1)N1C(=O)NC2=CC=CC=C2C1=O)C(=O)N[C@@H](C)C(=O)O,0.9995218515396118,1,0.999
CNP0139226.5,CC[C@@H](C)[C@H](NC(=O)OC(C)(C)C)C(=O)NC[C@H]1CC[C@H](C(=O)N[C@@H](C)C(=O)O)CC1,0.9992755055427552,1,0.999
CNP0388526.5,CC[C@@H](C)[C@H](NC(=O)[C@H]1CC[C@H](CNC(=O)[C@@H](C)N)CC1)C(=O)O,0.999545156955719,1,0.999
CNP0015414.1,CC(C)CS(=O)(=O)N[C@H](C)C1=C(C(=O)O)C(C2=CC=C(Cl)C=C2)=NO1,0.9995974898338318,1,0.999
CNP0503794.1,CCC(C)[C@H](NC(=O)[C@H](CC1=CC=CC=C1)N1C(O)=NC2=CC=CC=C2C1=O)C(=O)N[C@H](C)C(=O)O,0.9998167157173156,1,0.999
CNP0503794.2,CCC(C)[C@H](NC(=O)[C@H](CC1=CC=CC=C1)N1C(O)=NC2=CC=CC=C2C1=O)C(=O)N[C@@H](C)C(=O)O,0.9998167157173156,1,0.999
CNP0389017.1,CCC(C)[C@H](NC(=O)[C@H]1CC[C@H](CNC(=O)[C@@H](NC(=O)OC(C)(C)C)C(C)CC)CC1)C(=O)O,0.9993353486061096,1,0.999
CNP0201888.1,CC1=CC=C(S(=O)(=O)NC2(C(=O)N[C@H](C)C(=O)OC(C)(C)C)CCCCC2)C=C1,0.9997404217720032,1,0.999
CNP0139226.1,CCC(C)[C@H](NC(=O)OC(C)(C)C)C(=O)NC[C@H]1CC[C@H](C(=O)N[C@@H](C)C(=O)O)CC1,0.9992755055427552,1,0.999
CNP0602747.2,CCOC(=O)[C@@H](CC1=CNC2=CC=CC=C12)NS(=O)(=O)C1=CC=C(Cl)C=C1,0.9997734427452089,1,0.999
CNP0260069.1,CC[C@H](C)[C@H](NC(=O)OC(C)(C)C)C(=O)NC[C@H]1CC[C@H](C(=O)O)CC1,0.9992813467979432,1,0.999
CNP0603372.1,COCC1=NN(C(C)C)C([C@H]2CC[C@@H](O)[C@H](NS(=O)(=O)C3CC3)C2)=N1,0.9996964931488036,1,0.999
CNP0491398.1,COCC(=O)N1C2=NC(C(C)C)=NN2C2(CCCCC2)[C@@H]2CCCC[C@@H]21,0.9992751479148864,1,0.999
CNP0517217.1,COC[C@@H]1C[C@H](N2C=C(NS(C)(=O)=O)C=N2)CN1CC1=CC=CC(Cl)=C1,0.9996163845062256,1,0.999
CNP0011375.1,CCCS(=O)(=O)NC[C@H]1C[C@@H]2CC[N@@]1C[C@@H]2C1=CC(C2CCCCC2)=NN1C,0.9995114803314208,1,0.999
CNP0545905.1,CCC(C)[C@H](NC(=O)[C@H](C)NC(=O)[C@H](CC1=CC=CC=C1)N1C(O)=NC2=CC=CC=C2C1=O)C(=O)O,0.999313473701477,1,0.999
CNP0105423.2,COC(=O)[C@@H](CC1=CNC2=CC=CC=C12)NC(=O)[C@H]1CCCN(S(=O)(=O)C2=CC=C(C)C=C2)C1,0.999562442302704,1,0.999
CNP0532226.0,CCN1C2=CC(C)=CC=C2N2C=CC=C2C12CCN(S(=O)(=O)C1=CC=C3C(=C1)OC(=O)N3C)CC2,0.9993686079978944,1,0.999
CNP0553473.3,CCC(C)[C@H](NC(=O)[C@@H](CC1=CC=CC=C1)N1C(=O)NC2=CC=CC=C2C1=O)C(=O)N[C@H](C)C(=O)O,0.9995218515396118,1,0.999
CNP0391334.4,CC[C@H](C)[C@H](NC(=O)[C@@H](NC(=O)N1CCN2C1=NC1=CC=CC=C12)[C@@H](C)CC)C(=O)O,0.9993847608566284,1,0.999
CNP0105105.4,COC(=O)[C@@H](CC1=CC=CC=C1)NC(=O)[C@H](NC(=O)OCC1=CC=CC=C1)C(C)C,0.9998276233673096,1,0.999
CNP0226639.1,CC[C@@H](C)[C@H](NC(C)=O)C(=O)N(C)[C@H](CC1=CC=C(O)C=C1)C(=O)O,0.9992965459823608,1,0.999
CNP0391349.3,CC[C@@H](C)[C@H](NC(=O)N1CCN2C1=NC1=CC=CC=C12)C(=O)N[C@@H](C)C(=O)O,0.9996955394744872,1,0.999
CNP0378642.5,CC[C@@H](C)[C@H](NC(=O)N[C@H](C)CCCC(C)C)C(=O)O,0.999541163444519,1,0.999
CNP0295441.2,CC[C@H](C)[C@H](C(=O)OC)[C@H](O)C(=O)N[C@H]1C[C@@H]1C[C@H](NC(=O)[C@H](C)N)C(=O)O,0.9993122816085817,1,0.999
CNP0139226.3,CC[C@@H](C)[C@H](NC(=O)OC(C)(C)C)C(=O)NC[C@H]1CC[C@@H](C(=O)N[C@H](C)C(=O)O)CC1,0.9992755055427552,1,0.999
CNP0121508.2,CC1=CC=C(S(=O)(=O)N[C@H](C(=O)OCC2=CC=CC=C2)C2=CC=CC=C2)C=C1,0.999491572380066,1,0.999
CNP0071615.1,CCC(=O)N[C@@H](CC1=CC=C(O)C=C1)C(=O)N[C@H](C(=O)N[C@H](CO)CC1=CC=CC=C1)[C@@H](C)CC,0.9997273087501526,1,0.999
CNP0121132.3,CCCC[C@H](C)C[C@@H](C)C(=O)N1CCC[C@H]1C(=O)O[C@@H](C(=O)O[C@H](C(=O)O)[C@@H](C)CC)[C@@H](C)CC,0.9999297857284546,1,0.999
CNP0346181.2,CCOC(=O)[C@H](CC1=CNC2=CC=CC=C12)NS(=O)(=O)C[C@@]12CC[C@@H](CC1=O)C2(C)C,0.999697208404541,1,0.999
CNP0388526.4,CC[C@H](C)[C@H](NC(=O)[C@H]1CC[C@H](CNC(=O)[C@H](C)N)CC1)C(=O)O,0.999545156955719,1,0.999
CNP0010023.2,CCOC(=O)[C@@H](CC1=CNC2=CC=CC=C12)NS(=O)(=O)C1=CC=C(C)C=C1,0.9995172023773192,1,0.999
CNP0391621.2,CC[C@H](C)[C@H](NC(=O)N1CCN2C1=NC1=CC=CC=C12)C(=O)N[C@@H](CCSC)C(=O)O,0.999657154083252,1,0.999
CNP0391334.1,CCC(C)[C@H](NC(=O)[C@@H](NC(=O)N1CCN2C1=NC1=CC=CC=C12)C(C)CC)C(=O)O,0.9993847608566284,1,0.999
CNP0423921.1,CC[C@@H](C)[C@H](NC)C(=O)NCCC1=C(Br)NC2=CC=C(Br)C=C12,0.9996479749679564,1,0.999
CNP0009854.2,COC(=O)[C@H](CC1=CC=C(O)C=C1)NC(=O)[C@@H](NC(=O)OCC1=CC=CC=C1)C(C)C,0.9998268485069276,1,0.999
CNP0391349.6,CC[C@H](C)[C@H](NC(=O)N1CCN2C1=NC1=CC=CC=C12)C(=O)N[C@@H](C)C(=O)O,0.9996955394744872,1,0.999
CNP0549357.1,CCC1=NN2C(=N1)N(C(=O)C1CCCCC1)[C@H]1CCCC[C@H]1C21CCCCC1,0.9995105266571044,1,0.999
