identifier,canonical_smiles,gnn_best_prob,gnn_best_pred
CNP0505565.1,CC[C@H](C)[C@H](NC(=O)OCC1=CC=CC=C1)C(=O)N[C@@H](CC1=CC=CC=C1)C(=O)OC,0.9999982118606567,1
CNP0505565.3,CC[C@H](C)[C@@H](NC(=O)OCC1=CC=CC=C1)C(=O)N[C@@H](CC1=CC=CC=C1)C(=O)OC,0.9999982118606567,1
CNP0505565.4,CC[C@H](C)[C@@H](NC(=O)OCC1=CC=CC=C1)C(=O)N[C@H](CC1=CC=CC=C1)C(=O)OC,0.9999982118606567,1
CNP0505565.2,CC[C@H](C)[C@H](NC(=O)OCC1=CC=CC=C1)C(=O)N[C@H](CC1=CC=CC=C1)C(=O)OC,0.9999982118606567,1
CNP0064351.2,CC[C@H](C)[C@H](NC(=O)OC(C)(C)C)C(=O)N[C@@H](CCSC)C(=O)OC,0.9999691247940063,1
CNP0064351.3,CC[C@@H](C)[C@H](NC(=O)OC(C)(C)C)C(=O)N[C@@H](CCSC)C(=O)OC,0.9999691247940063,1
CNP0064351.4,CC[C@@H](C)[C@@H](NC(=O)OC(C)(C)C)C(=O)N[C@@H](CCSC)C(=O)OC,0.9999691247940063,1
CNP0064351.1,CC[C@H](C)[C@@H](NC(=O)OC(C)(C)C)C(=O)N[C@@H](CCSC)C(=O)OC,0.9999691247940063,1
CNP0400611.2,CCOC(=O)[C@@H](CC1=CNC2=CC=CC=C12)NS(=O)(=O)C1=CC=C(OC)C(N2C=NN=N2)=C1,0.9999386072158813,1
CNP0400611.1,CCOC(=O)[C@H](CC1=CNC2=CC=CC=C12)NS(=O)(=O)C1=CC=C(OC)C(N2C=NN=N2)=C1,0.9999386072158813,1
CNP0121132.1,CCCC[C@H](C)C[C@H](C)C(=O)N1CCC[C@H]1C(=O)O[C@@H](C(=O)O[C@H](C(=O)O)[C@@H](C)CC)[C@@H](C)CC,0.9999297857284546,1
CNP0121132.2,CCCCC(C)CC(C)C(=O)N1CCC[C@H]1C(=O)O[C@@H](C(=O)O[C@H](C(=O)O)[C@@H](C)CC)[C@@H](C)CC,0.9999297857284546,1
CNP0121132.3,CCCC[C@H](C)C[C@@H](C)C(=O)N1CCC[C@H]1C(=O)O[C@@H](C(=O)O[C@H](C(=O)O)[C@@H](C)CC)[C@@H](C)CC,0.9999297857284546,1
CNP0552133.4,CC[C@@H](C)[C@H](NC(=O)OCC1=CC=CC=C1)C(=O)NC1=CC=C(C)C(C)=C1,0.9999136924743652,1
CNP0552133.1,CC[C@@H](C)[C@@H](NC(=O)OCC1=CC=CC=C1)C(=O)NC1=CC=C(C)C(C)=C1,0.9999136924743652,1
CNP0552133.2,CC[C@H](C)[C@@H](NC(=O)OCC1=CC=CC=C1)C(=O)NC1=CC=C(C)C(C)=C1,0.9999136924743652,1
CNP0552133.3,CC[C@H](C)[C@H](NC(=O)OCC1=CC=CC=C1)C(=O)NC1=CC=C(C)C(C)=C1,0.9999136924743652,1
CNP0368271.0,COC(=O)C(CC1=CNC2=CC=CC=C12)NC(=O)C(NC(=O)OCC1=CC=CC=C1)C(C)C,0.9999067783355713,1
CNP0175160.3,CC[C@H](C)[C@H](NC(=O)C1=CC2=CC(Cl)=CC=C2N1C)C(=O)N[C@@H](C)C(=O)O,0.9999061822891235,1
CNP0175160.1,CCC(C)[C@H](NC(=O)C1=CC2=CC(Cl)=CC=C2N1C)C(=O)N[C@@H](C)C(=O)O,0.9999061822891235,1
CNP0175160.2,CC[C@@H](C)[C@H](NC(=O)C1=CC2=CC(Cl)=CC=C2N1C)C(=O)N[C@@H](C)C(=O)O,0.9999061822891235,1
CNP0556046.1,CCC(C)[C@@H](C(=O)O)N1C(C)=CC2=C3C[C@@H](C(C)(C)O)COC3=C(C)C(O)=C2C1=O,0.999902606010437,1
CNP0071052.0,CCC(C)C(NS(=O)(=O)C1=CC=C(C)C=C1)C(=O)O,0.9998947381973267,1
CNP0251916.2,COC(=O)[C@@H](CC1=CC=CC=C1)NC(=O)C1(N)CCCCC1,0.9998482465744019,1
CNP0602337.1,COC[C@@H]1C[C@H](N2C=C(NS(C)(=O)=O)C=N2)CN1C(=O)NC(C)C,0.9998456239700317,1
CNP0550390.1,CC[C@H](C)[C@H](NS(=O)(=O)C1=CC=C(C)C=C1)C(=O)NC[C@H]1CC[C@H](C(=O)O)CC1,0.9998428821563721,1
CNP0064982.2,CC[C@H](C)[C@@H](C(=O)O)N(C)C(=O)OCC1=CC=CC=C1,0.9998375177383423,1
CNP0064982.1,CC[C@@H](C)[C@H](C(=O)O)N(C)C(=O)OCC1=CC=CC=C1,0.9998375177383423,1
CNP0105105.2,COC(=O)[C@@H](CC1=CC=CC=C1)NC(=O)[C@@H](NC(=O)OCC1=CC=CC=C1)C(C)C,0.9998276233673096,1
CNP0105105.4,COC(=O)[C@@H](CC1=CC=CC=C1)NC(=O)[C@H](NC(=O)OCC1=CC=CC=C1)C(C)C,0.9998276233673096,1
CNP0105105.3,COC(=O)[C@H](CC1=CC=CC=C1)NC(=O)[C@@H](NC(=O)OCC1=CC=CC=C1)C(C)C,0.9998276233673096,1
CNP0105105.1,COC(=O)[C@H](CC1=CC=CC=C1)NC(=O)[C@H](NC(=O)OCC1=CC=CC=C1)C(C)C,0.9998276233673096,1
CNP0009854.4,COC(=O)[C@H](CC1=CC=C(O)C=C1)NC(=O)[C@H](NC(=O)OCC1=CC=CC=C1)C(C)C,0.9998268485069275,1
CNP0009854.3,COC(=O)[C@@H](CC1=CC=C(O)C=C1)NC(=O)[C@H](NC(=O)OCC1=CC=CC=C1)C(C)C,0.9998268485069275,1
CNP0009854.1,COC(=O)[C@@H](CC1=CC=C(O)C=C1)NC(=O)[C@@H](NC(=O)OCC1=CC=CC=C1)C(C)C,0.9998268485069275,1
CNP0009854.2,COC(=O)[C@H](CC1=CC=C(O)C=C1)NC(=O)[C@@H](NC(=O)OCC1=CC=CC=C1)C(C)C,0.9998268485069275,1
CNP0503794.2,CCC(C)[C@H](NC(=O)[C@H](CC1=CC=CC=C1)N1C(O)=NC2=CC=CC=C2C1=O)C(=O)N[C@@H](C)C(=O)O,0.9998167157173157,1
CNP0503794.1,CCC(C)[C@H](NC(=O)[C@H](CC1=CC=CC=C1)N1C(O)=NC2=CC=CC=C2C1=O)C(=O)N[C@H](C)C(=O)O,0.9998167157173157,1
CNP0590035.2,CC[C@H](C)[C@@H](NC(=O)OCC1=CC=CC=C1)C(=O)NC1=CC=C(C)C=C1C,0.9998119473457336,1
CNP0590035.1,CC[C@@H](C)[C@@H](NC(=O)OCC1=CC=CC=C1)C(=O)NC1=CC=C(C)C=C1C,0.9998119473457336,1
CNP0590035.4,CC[C@H](C)[C@H](NC(=O)OCC1=CC=CC=C1)C(=O)NC1=CC=C(C)C=C1C,0.9998119473457336,1
CNP0590035.3,CC[C@@H](C)[C@H](NC(=O)OCC1=CC=CC=C1)C(=O)NC1=CC=C(C)C=C1C,0.9998119473457336,1
CNP0054856.1,CC[C@@H](C)[C@@H](NC(=O)OCC1=CC=CC=C1)C(=O)O,0.9997767806053162,1
CNP0054856.2,CC[C@H](C)[C@H](NC(=O)OCC1=CC=CC=C1)C(=O)O,0.9997767806053162,1
CNP0602747.1,CCOC(=O)[C@H](CC1=CNC2=CC=CC=C12)NS(=O)(=O)C1=CC=C(Cl)C=C1,0.9997734427452087,1
CNP0602747.2,CCOC(=O)[C@@H](CC1=CNC2=CC=CC=C12)NS(=O)(=O)C1=CC=C(Cl)C=C1,0.9997734427452087,1
CNP0218334.4,CC[C@@H](C)[C@H](NC)C(=O)O,0.9997687935829163,1
CNP0218334.2,CC[C@@H](C)[C@@H](NC)C(=O)O,0.9997687935829163,1
CNP0218334.3,CC[C@H](C)[C@H](NC)C(=O)O,0.9997687935829163,1
CNP0218334.1,CC[C@H](C)[C@@H](NC)C(=O)O,0.9997687935829163,1
CNP0561362.0,CS(=O)(=O)N1CCC2=C(C3=CNC(=N)N=C3)N=C(N3CCOCC3)N=C21,0.9997527003288269,1
CNP0201888.1,CC1=CC=C(S(=O)(=O)NC2(C(=O)N[C@H](C)C(=O)OC(C)(C)C)CCCCC2)C=C1,0.9997404217720032,1
CNP0201888.2,CC1=CC=C(S(=O)(=O)NC2(C(=O)N[C@@H](C)C(=O)OC(C)(C)C)CCCCC2)C=C1,0.9997404217720032,1
CNP0071615.1,CCC(=O)N[C@@H](CC1=CC=C(O)C=C1)C(=O)N[C@H](C(=O)N[C@H](CO)CC1=CC=CC=C1)[C@@H](C)CC,0.9997273087501526,1
CNP0115324.1,CC[C@H](C)[C@H](NC(=O)CC(C1=CC=C(O)C(OC)=C1)C1=C(O)C(=O)C=C(C)O1)C(N)=O,0.9997245669364929,1
CNP0556448.1,CC[C@H](C)[C@H](NC(=O)CC1(C2=C(O)C(=O)C=C(C)O2)CCCCC1)C(N)=O,0.9997244477272034,1
CNP0563198.1,COC[C@@H]1C[C@H](N2C=C(NS(C)(=O)=O)C=N2)CN1C(C)C,0.9997156262397766,1
CNP0346181.3,CCOC(=O)[C@H](CC1=CNC2=CC=CC=C12)NS(=O)(=O)C[C@@]12CC[C@H](CC1=O)C2(C)C,0.999697208404541,1
CNP0346181.4,CCOC(=O)[C@@H](CC1=CNC2=CC=CC=C12)NS(=O)(=O)C[C@@]12CC[C@H](CC1=O)C2(C)C,0.999697208404541,1
CNP0346181.1,CCOC(=O)[C@@H](CC1=CNC2=CC=CC=C12)NS(=O)(=O)C[C@@]12CC[C@@H](CC1=O)C2(C)C,0.999697208404541,1
CNP0346181.2,CCOC(=O)[C@H](CC1=CNC2=CC=CC=C12)NS(=O)(=O)C[C@@]12CC[C@@H](CC1=O)C2(C)C,0.999697208404541,1
CNP0346181.5,CCOC(=O)[C@H](CC1=CNC2=CC=CC=C12)NS(=O)(=O)C[C@]12CC[C@H](CC1=O)C2(C)C,0.999697208404541,1
CNP0346181.6,CCOC(=O)[C@@H](CC1=CNC2=CC=CC=C12)NS(=O)(=O)C[C@]12CC[C@H](CC1=O)C2(C)C,0.999697208404541,1
CNP0603372.1,COCC1=NN(C(C)C)C([C@H]2CC[C@@H](O)[C@H](NS(=O)(=O)C3CC3)C2)=N1,0.9996964931488037,1
CNP0391349.5,CC[C@H](C)[C@H](NC(=O)N1CCN2C1=NC1=CC=CC=C12)C(=O)N[C@H](C)C(=O)O,0.9996955394744873,1
CNP0391349.3,CC[C@@H](C)[C@H](NC(=O)N1CCN2C1=NC1=CC=CC=C12)C(=O)N[C@@H](C)C(=O)O,0.9996955394744873,1
CNP0391349.4,CC[C@@H](C)[C@H](NC(=O)N1CCN2C1=NC1=CC=CC=C12)C(=O)N[C@H](C)C(=O)O,0.9996955394744873,1
CNP0391349.6,CC[C@H](C)[C@H](NC(=O)N1CCN2C1=NC1=CC=CC=C12)C(=O)N[C@@H](C)C(=O)O,0.9996955394744873,1
CNP0391349.1,CCC(C)[C@H](NC(=O)N1CCN2C1=NC1=CC=CC=C12)C(=O)N[C@H](C)C(=O)O,0.9996955394744873,1
CNP0391349.2,CCC(C)[C@H](NC(=O)N1CCN2C1=NC1=CC=CC=C12)C(=O)N[C@@H](C)C(=O)O,0.9996955394744873,1
CNP0382002.2,CC[C@@H](C)[C@H](NS(=O)(=O)C1=CC=C(C)C=C1)C(=O)N1CCC(C(=O)N(C)CC(=O)O)CC1,0.9996914863586426,1
CNP0382002.1,CCC(C)[C@H](NS(=O)(=O)C1=CC=C(C)C=C1)C(=O)N1CCC(C(=O)N(C)CC(=O)O)CC1,0.9996914863586426,1
CNP0382002.3,CC[C@H](C)[C@H](NS(=O)(=O)C1=CC=C(C)C=C1)C(=O)N1CCC(C(=O)N(C)CC(=O)O)CC1,0.9996914863586426,1
CNP0171574.0,COC1=C2CN(C)CCC2=C(S(=O)(=O)NCCC2=CNC3=CC=C(Cl)C=C23)C2=C1OCO2,0.9996833801269531,1
CNP0071613.1,CC[C@H](C)[C@H](NC(=O)[C@H](CC1=CC=C(O)C=C1)NC(=O)CC(C)C)C(=O)N[C@H](CO)CCSC,0.999666690826416,1
CNP0381754.4,CC[C@@H](C)[C@H](NS(=O)(=O)C1=CC=C(C)C=C1)C(=O)N1CCC(C(=O)N[C@H](C(=O)O)[C@@H](C)O)CC1,0.9996658563613892,1
CNP0381754.5,CC[C@H](C)[C@H](NS(=O)(=O)C1=CC=C(C)C=C1)C(=O)N1CCC(C(=O)N[C@H](C(=O)O)[C@@H](C)O)CC1,0.9996658563613892,1
CNP0381754.3,CC[C@H](C)[C@H](NS(=O)(=O)C1=CC=C(C)C=C1)C(=O)N1CCC(C(=O)N[C@H](C(=O)O)[C@H](C)O)CC1,0.9996658563613892,1
CNP0381754.1,CCC(C)[C@H](NS(=O)(=O)C1=CC=C(C)C=C1)C(=O)N1CCC(C(=O)N[C@H](C(=O)O)C(C)O)CC1,0.9996658563613892,1
CNP0381754.2,CC[C@@H](C)[C@H](NS(=O)(=O)C1=CC=C(C)C=C1)C(=O)N1CCC(C(=O)N[C@H](C(=O)O)[C@H](C)O)CC1,0.9996658563613892,1
CNP0520907.1,COCC1=NN(C(C)C)C([C@H]2CC[C@@H](O)[C@H](NS(C)(=O)=O)C2)=N1,0.9996572732925415,1
CNP0391621.2,CC[C@H](C)[C@H](NC(=O)N1CCN2C1=NC1=CC=CC=C12)C(=O)N[C@@H](CCSC)C(=O)O,0.999657154083252,1
CNP0391621.3,CC[C@@H](C)[C@H](NC(=O)N1CCN2C1=NC1=CC=CC=C12)C(=O)N[C@@H](CCSC)C(=O)O,0.999657154083252,1
CNP0391621.1,CCC(C)[C@H](NC(=O)N1CCN2C1=NC1=CC=CC=C12)C(=O)N[C@@H](CCSC)C(=O)O,0.999657154083252,1
CNP0051858.1,CCCOC1=C2C[C@@H](C(C)(C)O)OC2=CC2=C1C(=O)C=C(C1(O)CCCCC1)O2,0.9996535778045654,1
CNP0399170.0,CCCN(CCC)S(=O)(=O)C1=CC=C(C(=O)O)C=C1,0.9996485710144043,1
CNP0259185.1,CCC(C)C(=O)OCC1=CC(=O)C2=C(OC)C3=C(C=C2O1)O[C@H](C(C)(C)O)C3,0.9996482133865356,1
CNP0423921.1,CC[C@@H](C)[C@H](NC)C(=O)NCCC1=C(Br)NC2=CC=C(Br)C=C12,0.9996479749679565,1
CNP0416647.1,CC[C@@H](C)[C@H](NC(C)=O)C(=O)N(C)[C@H](CC1=CC=C(O)C=C1)C(=O)N[C@@H](CC(C)C)C(=O)OC,0.9996368885040283,1
CNP0462039.1,COC(=O)[C@H](CCSC)NS(=O)(=O)C1=CC(C)=CC(C)=C1,0.9996188879013062,1
CNP0462039.2,COC(=O)[C@@H](CCSC)NS(=O)(=O)C1=CC(C)=CC(C)=C1,0.9996188879013062,1
CNP0536941.1,COCC(=O)N1C2=NC(C3=CC=C(Cl)C=C3)=NN2C2(CCCCC2)[C@@H]2CCCC[C@@H]21,0.9996178150177002,1
CNP0425878.1,CC[C@H](C)[C@H](NC)C(=O)NCCC1=CNC2=CC(Br)=C(Br)C=C12,0.9996167421340942,1
CNP0269420.2,CCOC(=O)[C@H](CC1=CC=C(O)C=C1)NC(=O)OCC1=CC=CC=C1,0.9996166229248047,1
CNP0269420.1,CCOC(=O)[C@@H](CC1=CC=C(O)C=C1)NC(=O)OCC1=CC=CC=C1,0.9996166229248047,1
CNP0517217.1,COC[C@@H]1C[C@H](N2C=C(NS(C)(=O)=O)C=N2)CN1CC1=CC=CC(Cl)=C1,0.9996163845062256,1
CNP0341788.1,C[C@@H]1CCC[C@H](C)N1NC(=O)C1=CC=C(Cl)C(S(N)(=O)=O)=C1,0.9996157884597778,1
CNP0364275.1,COC(=O)[C@@H](CC1=CC=CC=C1)NC(=O)C1(NC(=O)OC(C)(C)C)CCCCC1,0.9996044039726257,1
CNP0226640.3,CC[C@@H](C)[C@H](NC(=O)CN1C=NC2=CC(OC)=C(OC)C=C2C1=O)C(=O)N[C@H](C)CCCC(C)C,0.9995993971824646,1
CNP0226640.4,CC[C@H](C)[C@H](NC(=O)CN1C=NC2=CC(OC)=C(OC)C=C2C1=O)C(=O)N[C@@H](C)CCCC(C)C,0.9995993971824646,1
CNP0226640.5,CC[C@@H](C)[C@H](NC(=O)CN1C=NC2=CC(OC)=C(OC)C=C2C1=O)C(=O)N[C@@H](C)CCCC(C)C,0.9995993971824646,1
CNP0226640.2,CC[C@H](C)[C@H](NC(=O)CN1C=NC2=CC(OC)=C(OC)C=C2C1=O)C(=O)N[C@H](C)CCCC(C)C,0.9995993971824646,1
CNP0226640.1,CCC(C)[C@H](NC(=O)CN1C=NC2=CC(OC)=C(OC)C=C2C1=O)C(=O)NC(C)CCCC(C)C,0.9995993971824646,1
CNP0015414.1,CC(C)CS(=O)(=O)N[C@H](C)C1=C(C(=O)O)C(C2=CC=C(Cl)C=C2)=NO1,0.9995974898338318,1
CNP0105423.2,COC(=O)[C@@H](CC1=CNC2=CC=CC=C12)NC(=O)[C@H]1CCCN(S(=O)(=O)C2=CC=C(C)C=C2)C1,0.9995624423027039,1
CNP0105423.1,COC(=O)[C@@H](CC1=CNC2=CC=CC=C12)NC(=O)C1CCCN(S(=O)(=O)C2=CC=C(C)C=C2)C1,0.9995624423027039,1
CNP0529636.2,CCOC(=O)C1=C(NC(=O)[C@H]2CC(=O)OC23CCCCC3)SC2=C1CC(C)(C)OC2,0.9995618462562561,1
CNP0529636.1,CCOC(=O)C1=C(NC(=O)[C@@H]2CC(=O)OC23CCCCC3)SC2=C1CC(C)(C)OC2,0.9995618462562561,1
CNP0388526.1,CCC(C)[C@H](NC(=O)[C@H]1CC[C@H](CNC(=O)[C@@H](C)N)CC1)C(=O)O,0.999545156955719,1
CNP0388526.6,CC[C@@H](C)[C@H](NC(=O)[C@H]1CC[C@H](CNC(=O)[C@H](C)N)CC1)C(=O)O,0.999545156955719,1
CNP0388526.4,CC[C@H](C)[C@H](NC(=O)[C@H]1CC[C@H](CNC(=O)[C@H](C)N)CC1)C(=O)O,0.999545156955719,1
CNP0388526.5,CC[C@@H](C)[C@H](NC(=O)[C@H]1CC[C@H](CNC(=O)[C@@H](C)N)CC1)C(=O)O,0.999545156955719,1
CNP0388526.2,CCC(C)[C@H](NC(=O)[C@H]1CC[C@H](CNC(=O)[C@H](C)N)CC1)C(=O)O,0.999545156955719,1
CNP0388526.3,CC[C@H](C)[C@H](NC(=O)[C@H]1CC[C@H](CNC(=O)[C@@H](C)N)CC1)C(=O)O,0.999545156955719,1
CNP0378642.5,CC[C@@H](C)[C@H](NC(=O)N[C@H](C)CCCC(C)C)C(=O)O,0.999541163444519,1
CNP0378642.2,CC[C@H](C)[C@H](NC(=O)N[C@H](C)CCCC(C)C)C(=O)O,0.999541163444519,1
