identifier,canonical_smiles,prediction,prob_class_1
CNP0415746.0,NC(CC1=CC=CC=C1)C(=O)NC(CC1=CC=CC=C1)C(=O)NC(CC1=CC=CC=C1)C(=O)O,1,0.6409350649350648
CNP0566846.1,C[C@@H]1C/C=C2SCC(/N=C(/O)C3=COC(=N3)C[C@@H](O)C[C@H](O)C=C/C=C/C\N=C\2O)C(=O)O1,1,0.6126056998556997
CNP0566846.2,C[C@@H]1C/C=C2SCC(/N=C(/O)C3=COC(=N3)C[C@H](O)C[C@H](O)C=C/C=C/C\N=C\2O)C(=O)O1,1,0.6126056998556997
CNP0533723.1,C[C@H](NC(=O)[C@H](CC(N)=O)NC(=O)[C@H](CC1=CC=CC=C1)N1C(=O)NC2=CC=CC=C2C1=O)C(=O)O,1,0.6203401875901876
CNP0396571.1,COC(=O)[C@H](CC1=CC=CC=C1)NC(=O)N1CCC2=C(NC=N2)C1C1=CC=C(OC)C(OC)=C1,1,0.6111897546897548
CNP0388570.1,NC(=O)C[C@@H](NC(=O)[C@H](CC1=CC=CC=C1)N1C(=O)NC2=CC=CC=C2C1=O)C(=O)O,1,0.603704184704185
CNP0341613.1,COC(=O)C1=CC(OC)=C(OC)C=C1NC(=O)N[C@@H](CC1=CC=CC=C1)C(=O)OC,1,0.6120512265512265
CNP0385629.1,CC(C)[C@H](NC(=O)[C@H](CC1=CC=CC=C1)N1C(=O)NC2=CC=CC=C2C1=O)C(=O)O,1,0.603712481962482
CNP0413342.1,CC(C)(C)OC(=O)[C@H](CC1=CC=CC=C1)NC(=O)[C@H](N)CC(N)=O,1,0.6075436507936508
CNP0231688.1,O=C(O)[C@H](CC1=CC=CC=C1)NC(=O)N1CCC2=C(NC=N2)C1C1=CC=C2OCOC2=C1,1,0.6083205589223897
CNP0397707.1,COC1=CC=CC2=C1C=CN2CC(=O)N[C@@H](CC1=CC=CC=C1)C(=O)O,1,0.6266524309024308
CNP0081780.0,O=C(CC1=CNC2=CC(O)=CC=C12)NC(CC1=CC=CC=C1)C(=O)O,1,0.6295137844611527
CNP0395562.1,COC(=O)[C@H](CC1=CC=CC=C1)NC(=O)CN1C=NC2=CC(OC)=C(OC)C=C2C1=O,1,0.6027719671632714
CNP0395632.1,COC(=O)[C@H](CC1=CC=CC=C1)NC(=O)C1=CC(=O)NC2=CC=CC=C12,1,0.6165165945165945
CNP0124381.1,CCC(C)[C@H](NC(=O)OC(C)(C)C)C(=O)N1CCC(C(=O)N[C@@H](CC2=CC=CC=C2)C(=O)O)CC1,1,0.6233280053280054
CNP0553473.1,CCC(C)[C@H](NC(=O)[C@H](CC1=CC=CC=C1)N1C(=O)NC2=CC=CC=C2C1=O)C(=O)N[C@H](C)C(=O)O,1,0.6145815295815297
CNP0218510.1,COC(=O)[C@H](CC1=CC=CC=C1)NC(=O)C1=CC(=O)C(OC)=CN1,1,0.6380331890331888
CNP0411321.1,O=C(NCCC1=CNC=N1)[C@H](CC1=CC=CC=C1)N1C(=O)NC2=CC=CC=C2C1=O,1,0.6224163059163059
CNP0388570.2,NC(=O)C[C@H](NC(=O)[C@H](CC1=CC=CC=C1)N1C(=O)NC2=CC=CC=C2C1=O)C(=O)O,1,0.603704184704185
CNP0508040.1,CC(C)C[C@H](NC(=O)[C@H](CC1=CC=CC=C1)N1C(=O)NC2=CC=CC=C2C1=O)C(=O)N[C@H](C)C(=O)O,1,0.6033015873015872
CNP0301272.1,COC(=O)[C@H](CC(C)C)NC(=O)CC1=NN(C(C)C)C(=O)C2=CC=CC=C12,1,0.6105637973137971
CNP0399203.1,COC(=O)[C@H](CCSC)NC(=O)CC1=NN(C(C)C)C(=O)C2=CC=CC=C12,1,0.619229909275122
CNP0385854.1,CC(C)C[C@@H](C(=O)N[C@@H](CC1=CC=CC=C1)C(=O)O)N1C(=O)NC2=CC=CC=C2C1=O,1,0.6356042568542569
CNP0549525.1,CC(C)C[C@@H](NC(=O)[C@@H](CC1=CC=CC=C1)N1C(=O)NC2=CC=CC=C2C1=O)C(=O)O,1,0.6053490365843306
CNP0255691.1,CC(O)[C@H](NC(=O)[C@@H](CC1=CC=CC=C1)N1C(=O)NC2=CC=CC=C2C1=O)C(=O)O,1,0.6346886724386724
CNP0385629.2,CC(C)[C@H](NC(=O)[C@@H](CC1=CC=CC=C1)N1C(=O)NC2=CC=CC=C2C1=O)C(=O)O,1,0.603712481962482
CNP0507022.1,CSCC[C@H](NC(=O)[C@H](CC1=CC=CC=C1)N1C(=O)NC2=CC=CC=C2C1=O)C(=O)O,1,0.6121801257253385
CNP0588390.1,CSC[C@H](NC(=O)[C@@H](CC1=CC=CC=C1)N1C(=O)NC2=CC=CC=C2C1=O)C(=O)O,1,0.6232488070440199
CNP0292361.1,CC(C)(C)OC(=O)N1CCC[C@H]1C(=O)N1CCC(C(=O)N[C@@H](CC2=CC=CC=C2)C(=O)O)CC1,1,0.6248756433624854
CNP0550874.1,C[C@@H](NC(=O)[C@H](CC1=CC=CC=C1)N1C(=O)NC2=CC=CC=C2C1=O)C(=O)O,1,0.6124632034632034
CNP0507022.2,CSCC[C@H](NC(=O)[C@@H](CC1=CC=CC=C1)N1C(=O)NC2=CC=CC=C2C1=O)C(=O)O,1,0.6121801257253385
CNP0553473.2,CCC(C)[C@H](NC(=O)[C@@H](CC1=CC=CC=C1)N1C(=O)NC2=CC=CC=C2C1=O)C(=O)N[C@@H](C)C(=O)O,1,0.6145815295815297
CNP0492204.1,O=C(N[C@@H](C(=O)O)C1=CC=CC=C1)[C@@H](CC1=CC=CC=C1)N1C(=O)NC2=CC=CC=C2C1=O,1,0.6275627232512478
CNP0508040.2,CC(C)C[C@H](NC(=O)[C@@H](CC1=CC=CC=C1)N1C(=O)NC2=CC=CC=C2C1=O)C(=O)N[C@H](C)C(=O)O,1,0.6033015873015872
CNP0385629.3,CC(C)[C@@H](NC(=O)[C@@H](CC1=CC=CC=C1)N1C(=O)NC2=CC=CC=C2C1=O)C(=O)O,1,0.603712481962482
CNP0550874.2,C[C@@H](NC(=O)[C@@H](CC1=CC=CC=C1)N1C(=O)NC2=CC=CC=C2C1=O)C(=O)O,1,0.6124632034632034
CNP0549525.2,CC(C)C[C@H](NC(=O)[C@@H](CC1=CC=CC=C1)N1C(=O)NC2=CC=CC=C2C1=O)C(=O)O,1,0.6053490365843306
CNP0550874.3,C[C@H](NC(=O)[C@@H](CC1=CC=CC=C1)N1C(=O)NC2=CC=CC=C2C1=O)C(=O)O,1,0.6124632034632034
CNP0553473.3,CCC(C)[C@H](NC(=O)[C@@H](CC1=CC=CC=C1)N1C(=O)NC2=CC=CC=C2C1=O)C(=O)N[C@H](C)C(=O)O,1,0.6145815295815297
CNP0508040.3,CC(C)C[C@H](NC(=O)[C@H](CC1=CC=CC=C1)N1C(=O)NC2=CC=CC=C2C1=O)C(=O)N[C@@H](C)C(=O)O,1,0.6033015873015872
CNP0384753.2,CCC(C)[C@H](N)C(=O)N1CCC(C(=O)N[C@@H](CC2=CC=CC=C2)C(=O)O)CC1,1,0.6190828615828616
CNP0387211.1,CSCC[C@@H](C(=O)N[C@@H](CC1=CC=CC=C1)C(=O)O)N1C(=O)NC2=CC=CC=C2C1=O,1,0.628894772189985
CNP0550874.4,C[C@H](NC(=O)[C@H](CC1=CC=CC=C1)N1C(=O)NC2=CC=CC=C2C1=O)C(=O)O,1,0.6124632034632034
CNP0217479.1,C[C@H](NC(=O)OC(C)(C)C)C(=O)N1CCC(C(=O)N[C@@H](CC2=CC=CC=C2)C(=O)O)CC1,1,0.6271106393606394
CNP0255691.2,CC(O)[C@H](NC(=O)[C@H](CC1=CC=CC=C1)N1C(=O)NC2=CC=CC=C2C1=O)C(=O)O,1,0.6346886724386724
CNP0533723.2,C[C@@H](NC(=O)[C@H](CC(N)=O)NC(=O)[C@H](CC1=CC=CC=C1)N1C(=O)NC2=CC=CC=C2C1=O)C(=O)O,1,0.6203401875901876
CNP0508040.4,CC(C)C[C@H](NC(=O)[C@@H](CC1=CC=CC=C1)N1C(=O)NC2=CC=CC=C2C1=O)C(=O)N[C@@H](C)C(=O)O,1,0.6033015873015872
CNP0409966.1,COC(=O)CNC(=O)[C@H](CC1=CC=CC=C1)N1C(=O)NC2=CC=CC=C2C1=O,1,0.6424686147186145
CNP0128519.1,O=C(O)C1CCC(CNC(=O)[C@H](CC2=CC=CC=C2)N2C(=O)NC3=CC=CC=C3C2=O)CC1,1,0.6214482873851295
CNP0395799.1,COC1=CC2=C(C=C1OC)C(=O)N(CC(=O)N[C@@H](CC1=CC=CC=C1)C(=O)O)C=N2,1,0.6126094630007674
CNP0549525.3,CC(C)C[C@H](NC(=O)[C@H](CC1=CC=CC=C1)N1C(=O)NC2=CC=CC=C2C1=O)C(=O)O,1,0.6053490365843306
CNP0385629.4,CC(C)[C@@H](NC(=O)[C@H](CC1=CC=CC=C1)N1C(=O)NC2=CC=CC=C2C1=O)C(=O)O,1,0.603712481962482
CNP0366200.1,CC1=NN(C)C2=NC(C3=CC=CC=C3)=CC(C(=O)NC[C@@H]3CCCN4CCCC[C@H]34)=C12,1,0.6070014099966227
CNP0307658.1,COC(=O)[C@@H](NC(=O)CN1C=NC2=CC(OC)=C(OC)C=C2C1=O)C(C)C,1,0.6358809523809524
CNP0410808.0,COC1=CC(C2C3=C(CN(C(C)=O)C3=O)NC3=CC=CC4=C3C2=CN4C(C)C)=CC=C1OCC(N)=O,1,0.6099176003734827
CNP0315798.1,COC(=O)[C@H](CC1=CC=CC=C1)NC(=O)N1CCC2=C(NC=N2)C1C1=CC=C2OCOC2=C1,1,0.6253418803418804
CNP0181173.1,COC(=O)[C@@H](CC1=CC=CC=C1)NC(=O)NCC1=CC=CO1,1,0.6058686868686869
CNP0507608.1,O=C(O)[C@H](NC(=O)[C@H](CC1=CC=CC=C1)N1C(=O)NC2=CC=CC=C2C1=O)C1=CC=C(O)C=C1,1,0.6084566626451872
CNP0588390.2,CSC[C@H](NC(=O)[C@H](CC1=CC=CC=C1)N1C(=O)NC2=CC=CC=C2C1=O)C(=O)O,1,0.6232488070440199
CNP0492204.2,O=C(O)[C@@H](NC(=O)[C@@H](CC1=CC=CC=C1)N1C(=O)NC2=CC=CC=C2C1=O)C1=CC=CC=C1,1,0.6275627232512478
CNP0587238.1,NC(=O)CC[C@H](NC(=O)[C@H](CC1=CC=CC=C1)N1C(=O)NC2=CC=CC=C2C1=O)C(=O)NCC(=O)O,1,0.6089831083948731
CNP0553473.4,CCC(C)[C@H](NC(=O)[C@H](CC1=CC=CC=C1)N1C(=O)NC2=CC=CC=C2C1=O)C(=O)N[C@@H](C)C(=O)O,1,0.6145815295815297
CNP0528542.1,COC(=O)[C@H](CS[C@H]1CCCCO1)NC(=O)[C@H](CC1=CC=CC=C1)NC(=O)OC(C)(C)C,1,0.6109111863313992
CNP0528542.2,COC(=O)[C@H](CS[C@@H]1CCCCO1)NC(=O)[C@H](CC1=CC=CC=C1)NC(=O)OC(C)(C)C,1,0.6109111863313992
CNP0528542.3,COC(=O)[C@H](CS[C@@H]1CCCCO1)NC(=O)[C@@H](CC1=CC=CC=C1)NC(=O)OC(C)(C)C,1,0.6109111863313992
CNP0528542.4,COC(=O)[C@H](CS[C@H]1CCCCO1)NC(=O)[C@@H](CC1=CC=CC=C1)NC(=O)OC(C)(C)C,1,0.6109111863313992
CNP0444505.1,CC(C)C1=CC=C(NC(=O)O[C@@H]2CO[C@H]3[C@@H]2OC[C@@H]3NC(=O)NC2CCCCC2)C=C1,1,0.6067227057931927
CNP0444505.2,CC(C)C1=CC=C(NC(=O)O[C@H]2CO[C@@H]3[C@@H]2OC[C@@H]3NC(=O)NC2CCCCC2)C=C1,1,0.6067227057931927
CNP0062978.1,CC(C)(C)OC(=O)N[C@H](CC1=CC=CC=C1)C(=O)O,1,0.6174611222111221
CNP0591228.1,CC(C)C(=O)NC[C@H]1C(=O)N2C[C@@H](NS(C)(=O)=O)C[C@H]2CN1C(=O)C1=CN=CC=N1,1,0.6084641414141413
CNP0062978.2,CC(C)(C)OC(=O)N[C@@H](CC1=CC=CC=C1)C(=O)O,1,0.6174611222111221
CNP0493061.1,COC1=CC=C(C2=CC(C(=O)N[C@@H](CC3=CC=CC=C3)C(=O)O)=C(C)O2)C=C1OC,1,0.6132170698582464
CNP0493061.2,COC1=CC=C(C2=CC(C(=O)N[C@H](CC3=CC=CC=C3)C(=O)O)=C(C)O2)C=C1OC,1,0.6132170698582464
CNP0052730.1,COC(=O)[C@H](CC1=CC=CC=C1)NC(=O)[C@@H](CC1=CC=CC=C1)NC(=O)OC(C)(C)C,1,0.6066291486291486
CNP0052730.2,COC(=O)[C@@H](CC1=CC=CC=C1)NC(=O)[C@@H](CC1=CC=CC=C1)NC(=O)OC(C)(C)C,1,0.6066291486291486
CNP0052730.3,COC(=O)[C@H](CC1=CC=CC=C1)NC(=O)[C@H](CC1=CC=CC=C1)NC(=O)OC(C)(C)C,1,0.6066291486291486
CNP0052730.4,COC(=O)[C@@H](CC1=CC=CC=C1)NC(=O)[C@H](CC1=CC=CC=C1)NC(=O)OC(C)(C)C,1,0.6066291486291486
CNP0466500.1,COC1=CC(C(=O)N[C@H]2CO[C@H]3[C@@H]2OC[C@H]3OC(=O)NC2CCCCC2)=CC(OC)=C1OC,1,0.6137376920465156
CNP0466500.2,COC1=CC(C(=O)N[C@@H]2CO[C@@H]3[C@@H]2OC[C@H]3OC(=O)NC2CCCCC2)=CC(OC)=C1OC,1,0.6137376920465156
CNP0062277.1,C[C@H]1[C@@H]2[C@@H](O)[C@H]([C@H](C)C(=O)N3CCOCC3)CC[C@@]2(C)CC[C@@H]1NC(=O)C1=CN=CC=N1,1,0.6036052542229013
CNP0062277.2,C[C@@H]1[C@@H]2[C@@H](O)[C@@H]([C@H](C)C(=O)N3CCOCC3)CC[C@]2(C)CC[C@@H]1NC(=O)C1=CN=CC=N1,1,0.6036052542229013
CNP0561465.1,O=C(COC1=CC=CC=C1)N[C@H](CC1=CC=CC=C1)C(=O)O,1,0.6157636544741807
CNP0561465.2,O=C(COC1=CC=CC=C1)N[C@@H](CC1=CC=CC=C1)C(=O)O,1,0.6157636544741807
CNP0062277.3,C[C@@H]1[C@@H]2[C@@H](O)[C@H]([C@H](C)C(=O)N3CCOCC3)CC[C@]2(C)CC[C@@H]1NC(=O)C1=CN=CC=N1,1,0.6036052542229013
CNP0062277.4,C[C@H]1[C@@H]2[C@@H](O)[C@@H]([C@H](C)C(=O)N3CCOCC3)CC[C@@]2(C)CC[C@@H]1NC(=O)C1=CN=CC=N1,1,0.6036052542229013
CNP0452580.1,CCC(CC)C(=O)N[C@H]1CO[C@H]2[C@@H]1OC[C@H]2OC(=O)NC1CCCCC1,1,0.6044289452377689
CNP0504136.1,COC(=O)[C@@H](CCSC)NC(=O)[C@@H](CC1=CC=CC=C1)NC(=O)OC(C)(C)C,1,0.6034271425973554
CNP0452365.1,CC[C@H](C)[C@H](NC(=O)[C@@H](N)CC1=CC=CC=C1)C(=O)O,1,0.6164133089133089
CNP0536760.1,CC[C@@H](C)/C=C/C1=CC2=C(C=N1)[C@H](C(C)=O)[C@H]1C(=O)O[C@H](C)[C@@H](C)[C@]13NC(=O)C2O3,1,0.644889971139971
CNP0384753.3,CCC(C)[C@H](N)C(=O)N1CCC(C(=O)N[C@H](CC2=CC=CC=C2)C(=O)O)CC1,1,0.6190828615828616
CNP0536916.0,CSCCC(N)C(=O)NC(CC(C)C)C(=O)NC(CC1=CC=CC=C1)C(=O)O,1,0.6405073956776082
CNP0572217.1,CC(C)C[C@@H](C(=O)N[C@@H](CC1=CC=CC=C1)C(=O)O)N1C(O)=NC2=CC=CC=C2C1=O,1,0.6072074314574314
CNP0034596.1,C[C@H]1[C@@H]2[C@@H](O)[C@H]([C@H](C)C(=O)N3CCCCC3)CC[C@@]2(C)CC[C@@H]1NC(=O)C1=CN=CC=N1,1,0.6036290637467108
CNP0413342.2,CC(C)(C)OC(=O)[C@@H](CC1=CC=CC=C1)NC(=O)[C@H](N)CC(N)=O,1,0.6075436507936508
CNP0128922.1,CC1=NOC(C)=C1C(=O)N[C@H]1CO[C@H]2[C@@H]1OC[C@H]2OC(=O)NC1=CC=C(C(C)C)C=C1,1,0.6034882735587604
CNP0124381.2,CC[C@@H](C)[C@H](NC(=O)OC(C)(C)C)C(=O)N1CCC(C(=O)N[C@@H](CC2=CC=CC=C2)C(=O)O)CC1,1,0.6233280053280054
CNP0384753.4,CC[C@H](C)[C@H](N)C(=O)N1CCC(C(=O)N[C@@H](CC2=CC=CC=C2)C(=O)O)CC1,1,0.6190828615828616
CNP0124381.3,CC[C@H](C)[C@H](NC(=O)OC(C)(C)C)C(=O)N1CCC(C(=O)N[C@@H](CC2=CC=CC=C2)C(=O)O)CC1,1,0.6233280053280054
CNP0384753.5,CC[C@H](C)[C@H](N)C(=O)N1CCC(C(=O)N[C@H](CC2=CC=CC=C2)C(=O)O)CC1,1,0.6190828615828616
CNP0373549.1,COC1=CC(C(=O)NC2=NC=C3C(=O)C[C@H](C4=CC=C(C(C)C)C=C4)CC3=N2)=CC(OC)=C1OC,1,0.6127598039215685
CNP0413342.3,CC(C)(C)OC(=O)[C@H](CC1=CC=CC=C1)NC(=O)[C@@H](N)CC(N)=O,1,0.6075436507936508
CNP0373549.2,COC1=CC(C(=O)NC2=NC=C3C(=O)C[C@@H](C4=CC=C(C(C)C)C=C4)CC3=N2)=CC(OC)=C1OC,1,0.6127598039215685
CNP0384753.6,CC[C@@H](C)[C@H](N)C(=O)N1CCC(C(=O)N[C@H](CC2=CC=CC=C2)C(=O)O)CC1,1,0.6190828615828616
CNP0031018.1,CC1CCN(C(=O)[C@@H](C)[C@H]2CC[C@@]3(C)CC[C@H](NC(=O)C4=CN=CC=N4)[C@@H](C)[C@@H]3[C@H]2O)CC1,1,0.603883032000679
CNP0064578.1,CC(C)C1=CC=C(NC(=O)O[C@@H]2CO[C@H]3[C@@H]2OC[C@@H]3NC(=O)C2=CN=CN=C2)C=C1,1,0.6095016213221082
CNP0384753.7,CC[C@@H](C)[C@H](N)C(=O)N1CCC(C(=O)N[C@@H](CC2=CC=CC=C2)C(=O)O)CC1,1,0.6190828615828616
CNP0031018.2,CC1CCN(C(=O)[C@@H](C)[C@@H]2CC[C@@]3(C)CC[C@H](NC(=O)C4=CN=CC=N4)[C@@H](C)[C@@H]3[C@H]2O)CC1,1,0.603883032000679
CNP0413342.4,CC(C)(C)OC(=O)[C@@H](CC1=CC=CC=C1)NC(=O)[C@@H](N)CC(N)=O,1,0.6075436507936508
CNP0464604.1,COC(=O)[C@H](NC(=O)[C@@H]1C[C@@H](NC(=O)CSC)CCN1C(=O)CCC(=O)O)C(C)C,1,0.6061215598127362
CNP0034596.2,C[C@H]1[C@@H]2[C@@H](O)[C@@H]([C@H](C)C(=O)N3CCCCC3)CC[C@@]2(C)CC[C@@H]1NC(=O)C1=CN=CC=N1,1,0.6036290637467108
CNP0075863.1,CC1=C(C(=O)N[C@@H](CC2=CC=CC=C2)C(=O)O)C(C(=O)N[C@H](CC2=CC=CC=C2)C(=O)O)=C(C)O1,1,0.6054999389499389
CNP0075863.2,CC1=C(C(=O)N[C@@H](CC2=CC=CC=C2)C(=O)O)C(C(=O)N[C@@H](CC2=CC=CC=C2)C(=O)O)=C(C)O1,1,0.6054999389499389
CNP0075863.3,CC1=C(C(=O)N[C@H](CC2=CC=CC=C2)C(=O)O)C(C(=O)N[C@H](CC2=CC=CC=C2)C(=O)O)=C(C)O1,1,0.6054999389499389
CNP0090140.1,CCCNC(=O)N[C@@H]1C2CO[C@H](O2)[C@H](N2C=CN=C2)[C@H]1O,1,0.6293716189942723
CNP0006381.1,CC(C)NC(=O)N[C@@H]1C2CO[C@H](O2)[C@H](N2C=CN=C2)[C@H]1O,1,0.6028552872867641
CNP0006278.1,CC1=NN([C@H]2[C@@H]3OCC(O3)[C@@H](NCC3=CC=C(S(C)(=O)=O)C=C3)[C@@H]2O)C(C)=C1,1,0.6033971617721616
